date, temperature, precipitation, snow accumulate, switch
----- day 1 -----
2017-01-28 10:20:00, -4.8, 0.0, 0.0, off
2017-01-28 10:30:00, -4.9, 0.0, 0.0, off
2017-01-28 10:40:00, -4.9, 0.004, 0.0255197605974, off
2017-01-28 10:50:00, -5.0, 0.004, 0.060140194567, off
2017-01-28 11:00:00, -4.9, 0.004, 0.0981475976859, on
2017-01-28 11:10:00, -4.8, 0.004, 0.0302903385415, on
2017-01-28 11:20:00, -4.6, 0.004, 0.0, off
2017-01-28 11:30:00, -4.6, 0.004, 0.0, off
2017-01-28 11:40:00, -4.4, 0.004, 0.0195606984345, off
2017-01-28 11:50:00, -4.6, 0.004, 0.0522473166369, off
2017-01-28 12:00:00, -4.5, 0.004, 0.0895815881979, on
2017-01-28 12:10:00, -4.3, 0.004, 0.0212910961693, on
2017-01-28 12:20:00, -4.3, 0.004, 0.0, off
2017-01-28 12:30:00, -4.0, 0.004, 0.0, off
2017-01-28 12:40:00, -4.1, 0.004, 0.0192349119358, off
2017-01-28 12:50:00, -4.0, 0.004, 0.0517242176439, off
2017-01-28 13:00:00, -4.1, 0.004, 0.0891496520741, on
2017-01-28 13:10:00, -4.2, 0.004, 0.0210022489523, on
2017-01-28 13:20:00, -4.2, 0.004, 0.0, off
2017-01-28 13:30:00, -4.2, 0.004, 0.0, off
2017-01-28 13:40:00, -4.2, 0.004, 0.0192909699477, off
2017-01-28 13:50:00, -4.2, 0.004, 0.0516497118843, off
2017-01-28 14:00:00, -4.2, 0.004, 0.0892376140309, on
2017-01-28 14:10:00, -4.3, 0.004, 0.020980150545, on
2017-01-28 14:20:00, -4.3, 0.004, 0.0, off
2017-01-28 14:30:00, -4.2, 0.004, 0.0, off
2017-01-28 14:40:00, -4.5, 0.004, 0.0198770080155, off
2017-01-28 14:50:00, -4.4, 0.004, 0.0525098427364, off
2017-01-28 15:00:00, -4.4, 0.004, 0.0897698496723, on
2017-01-28 15:10:00, -4.5, 0.004, 0.0214180884024, on
2017-01-28 15:20:00, -4.4, 0.004, 0.0, off
2017-01-28 15:30:00, -4.4, 0.004, 0.0, off
2017-01-28 15:40:00, -4.4, 0.004, 0.0199100540016, off
2017-01-28 15:50:00, -4.5, 0.004, 0.0528312821279, off
2017-01-28 16:00:00, -4.6, 0.004, 0.090195368864, on
2017-01-28 16:10:00, -4.7, 0.004, 0.0221764397748, on
2017-01-28 16:20:00, -4.6, 0.004, 0.0, off
2017-01-28 16:30:00, -4.6, 0.004, 0.0, off
2017-01-28 16:40:00, -4.6, 0.004, 0.0201797732589, off
2017-01-28 16:50:00, -4.6, 0.004, 0.0534978340577, off
2017-01-28 17:00:00, -4.6, 0.004, 0.0912761110344, on
2017-01-28 17:10:00, -4.6, 0.004, 0.0235580070856, on
2017-01-28 17:20:00, -4.7, 0.004, 0.0, off
2017-01-28 17:30:00, -4.5, 0.004, 0.0, off
2017-01-28 17:40:00, -4.5, 0.004, 0.0206365143103, off
2017-01-28 17:50:00, -4.4, 0.004, 0.0542029444039, off
2017-01-28 18:00:00, -4.5, 0.004, 0.0922041656216, on
2017-01-28 18:10:00, -4.5, 0.004, 0.0246121346086, on
2017-01-28 18:20:00, -4.5, 0.004, 0.0, off
2017-01-28 18:30:00, -4.2, 0.0, 0.0, off
2017-01-28 18:40:00, -3.8, 0.0, 0.0, off
2017-01-28 18:50:00, -3.5, 0.0, 0.0, off
2017-01-28 19:00:00, -3.4, 0.0, 0.0, off
2017-01-28 19:10:00, -3.4, 0.0, 0.0, off
2017-01-28 19:20:00, -3.4, 0.0, 0.0, off
2017-01-28 19:30:00, -3.3, 0.0, 0.0, off
2017-01-28 19:40:00, -3.3, 0.0, 0.0, off
2017-01-28 19:50:00, -3.2, 0.0, 0.0, off
2017-01-28 20:00:00, -3.2, 0.0, 0.0, off
2017-01-28 20:10:00, -3.0, 0.0, 0.0, off
2017-01-28 20:20:00, -3.0, 0.0, 0.0, off
2017-01-28 20:30:00, -3.0, 0.0, 0.0, off
2017-01-28 20:40:00, -3.0, 0.0, 0.0, off
2017-01-28 20:50:00, -3.1, 0.0, 0.0, off
2017-01-28 21:00:00, -3.2, 0.0, 0.0, off
2017-01-28 21:10:00, -2.9, 0.0, 0.0, off
2017-01-28 21:20:00, -2.9, 0.0, 0.0, off
2017-01-28 21:30:00, -2.9, 0.0, 0.0, off
2017-01-28 21:40:00, -3.0, 0.0, 0.0, off
2017-01-28 21:50:00, -3.0, 0.0, 0.0, off
2017-01-28 22:00:00, -2.8, 0.0, 0.0, off
2017-01-28 22:10:00, -2.7, 0.0, 0.0, off
2017-01-28 22:20:00, -2.8, 0.0, 0.0, off
2017-01-28 22:30:00, -2.9, 0.0, 0.0, off
2017-01-28 22:40:00, -2.8, 0.0, 0.0, off
2017-01-28 22:50:00, -2.9, 0.0, 0.0, off
2017-01-28 23:00:00, -2.8, 0.0, 0.0, off
2017-01-28 23:10:00, -2.7, 0.0, 0.0, off
2017-01-28 23:20:00, -2.6, 0.0, 0.0, off
2017-01-28 23:30:00, -2.4, 0.0, 0.0, off
2017-01-28 23:40:00, -2.6, 0.0, 0.0, off
2017-01-28 23:50:00, -2.5, 0.0, 0.0, off
2017-01-29 00:00:00, -2.2, 0.0, 0.0, off

----- day 2 -----
2017-01-31 00:20:00, -4.2, 0.0, 0.0, off
2017-01-31 00:30:00, -4.4, 0.0, 0.0, off
2017-01-31 00:40:00, -4.2, 0.0, 0.0, off
2017-01-31 00:50:00, -4.3, 0.0, 0.0, off
2017-01-31 01:00:00, -4.3, 0.026, 0.26, off
2017-01-31 01:10:00, -4.1, 0.026, 0.52, on
2017-01-31 01:20:00, -4.2, 0.026, 0.618432254634, on
2017-01-31 01:30:00, -4.9, 0.026, 0.71678778087, on
2017-01-31 01:40:00, -5.8, 0.026, 0.815110806007, on
2017-01-31 01:50:00, -6.0, 0.026, 0.913374534732, on
2017-01-31 02:00:00, -5.9, 0.026, 1.01160057294, on
2017-01-31 02:10:00, -6.2, 0.026, 1.10980500005, on
2017-01-31 02:20:00, -6.2, 0.026, 1.20798509724, on
2017-01-31 02:30:00, -6.2, 0.026, 1.30614755978, on
2017-01-31 02:40:00, -6.3, 0.026, 1.40429170751, on
2017-01-31 02:50:00, -6.3, 0.026, 1.50241710896, on
2017-01-31 03:00:00, -6.4, 0.026, 1.60053221666, on
2017-01-31 03:10:00, -6.5, 0.0, 1.43863597453, on
2017-01-31 03:20:00, -6.5, 0.0, 1.27674447057, on
2017-01-31 03:30:00, -6.4, 0.0, 1.1148506241, on
2017-01-31 03:40:00, -6.7, 0.0, 0.952963135475, on
2017-01-31 03:50:00, -6.7, 0.0, 0.791076405619, on
2017-01-31 04:00:00, -6.9, 0.0, 0.629194273407, on
2017-01-31 04:10:00, -6.8, 0.0, 0.467301392003, on
2017-01-31 04:20:00, -7.6, 0.0, 0.305420679272, on
2017-01-31 04:30:00, -7.2, 0.0, 0.143533940746, on
2017-01-31 04:40:00, -7.3, 0.0, 0.0, on
2017-01-31 04:50:00, -7.2, 0.0, 0.0, off
2017-01-31 05:00:00, -7.2, 0.0, 0.0, off
2017-01-31 05:10:00, -7.2, 0.0, 0.0, off
2017-01-31 05:20:00, -7.0, 0.0, 0.0, off
2017-01-31 05:30:00, -6.5, 0.0, 0.0, off
2017-01-31 05:40:00, -6.6, 0.0, 0.0, off
2017-01-31 05:50:00, -6.5, 0.0, 0.0, off
2017-01-31 06:00:00, -6.5, 0.0, 0.0, off
2017-01-31 06:10:00, -6.8, 0.0, 0.0, off
2017-01-31 06:20:00, -6.9, 0.026, 0.202166908938, off
2017-01-31 06:30:00, -6.9, 0.026, 0.440803453363, on
2017-01-31 06:40:00, -7.0, 0.026, 0.58558278932, on
2017-01-31 06:50:00, -7.0, 0.026, 0.695237175755, on
2017-01-31 07:00:00, -6.9, 0.026, 0.79353121475, on
2017-01-31 07:10:00, -6.7, 0.026, 0.891766738804, on
2017-01-31 07:20:00, -6.5, 0.026, 0.989963444678, on
2017-01-31 07:30:00, -6.6, 0.026, 1.08813218926, on
2017-01-31 07:40:00, -6.7, 0.026, 1.18628293913, on
2017-01-31 07:50:00, -6.7, 0.026, 1.28441516954, on
2017-01-31 08:00:00, -7.3, 0.026, 1.38254010247, on
2017-01-31 08:10:00, -7.7, 0.026, 1.48065590174, on
2017-01-31 08:20:00, -7.5, 0.026, 1.57875861539, on
2017-01-31 08:30:00, -7.3, 0.026, 1.67685226146, on
2017-01-31 08:40:00, -7.0, 0.026, 1.77493049843, on
2017-01-31 08:50:00, -6.7, 0.026, 1.87299839026, on
2017-01-31 09:00:00, -6.6, 0.026, 1.97106142712, on
2017-01-31 09:10:00, -6.4, 0.026, 2.06911043153, on
2017-01-31 09:20:00, -6.3, 0.026, 2.16715454253, on
2017-01-31 09:30:00, -6.1, 0.026, 2.26519255795, on
2017-01-31 09:40:00, -6.2, 0.026, 2.36322815533, on
2017-01-31 09:50:00, -6.0, 0.0, 2.20125893971, on
2017-01-31 10:00:00, -5.9, 0.0, 2.03928975965, on
2017-01-31 10:10:00, -5.7, 0.0, 1.87729732409, on
2017-01-31 10:20:00, -5.5, 0.0, 1.71530330909, on
2017-01-31 10:30:00, -5.1, 0.0, 1.5533064172, on
2017-01-31 10:40:00, -4.8, 0.0, 1.39130841494, on
2017-01-31 10:50:00, -5.0, 0.0, 1.22931234951, on
2017-01-31 11:00:00, -4.7, 0.0, 1.06731327642, on
2017-01-31 11:10:00, -3.4, 0.0, 0.905283040415, on
2017-01-31 11:20:00, -3.3, 0.0, 0.743254940604, on
2017-01-31 11:30:00, -3.8, 0.0, 0.581236049047, on
2017-01-31 11:40:00, -3.4, 0.0, 0.419211563569, on
2017-01-31 11:50:00, -3.1, 0.0, 0.257182765692, on
2017-01-31 12:00:00, -3.3, 0.0, 0.0951568241038, on
2017-01-31 12:10:00, -3.4, 0.0, 0.0, on
2017-01-31 12:20:00, -3.3, 0.0, 0.0, off
2017-01-31 12:30:00, -3.5, 0.0, 0.0, off
2017-01-31 12:40:00, -3.1, 0.0, 0.0, off
2017-01-31 12:50:00, -2.8, 0.0, 0.0, off
2017-01-31 13:00:00, -3.0, 0.0, 0.0, off
2017-01-31 13:10:00, -2.6, 0.0, 0.0, off
2017-01-31 13:20:00, -2.6, 0.0, 0.0, off
2017-01-31 13:30:00, -2.3, 0.0, 0.0, off
2017-01-31 13:40:00, -2.5, 0.0, 0.0, off
2017-01-31 13:50:00, -2.6, 0.0, 0.0, off
2017-01-31 14:00:00, -2.2, 0.0, 0.0, off
2017-01-31 14:10:00, -2.1, 0.0, 0.0, off
2017-01-31 14:20:00, -2.0, 0.0, 0.0, off
2017-01-31 14:30:00, -2.2, 0.0, 0.0, off
2017-01-31 14:40:00, -2.0, 0.0, 0.0, off
2017-01-31 14:50:00, -2.4, 0.0, 0.0, off
2017-01-31 15:00:00, -2.8, 0.0, 0.0, off
2017-01-31 15:10:00, -2.3, 0.0, 0.0, off
2017-01-31 15:20:00, -2.5, 0.0, 0.0, off
2017-01-31 15:30:00, -2.4, 0.0, 0.0, off
2017-01-31 15:40:00, -2.6, 0.0, 0.0, off
2017-01-31 15:50:00, -2.6, 0.0, 0.0, off
2017-01-31 16:00:00, -2.7, 0.0, 0.0, off
2017-01-31 16:10:00, -3.0, 0.0, 0.0, off
2017-01-31 16:20:00, -3.1, 0.0, 0.0, off
2017-01-31 16:30:00, -3.7, 0.0, 0.0, off
2017-01-31 16:40:00, -3.7, 0.0, 0.0, off
2017-01-31 16:50:00, -3.7, 0.0, 0.0, off
2017-01-31 17:00:00, -3.9, 0.0, 0.0, off
2017-01-31 17:10:00, -4.3, 0.0, 0.0, off
2017-01-31 17:20:00, -3.9, 0.0, 0.0, off
2017-01-31 17:30:00, -4.5, 0.0, 0.0, off
2017-01-31 17:40:00, -4.7, 0.0, 0.0, off
2017-01-31 17:50:00, -5.0, 0.0, 0.0, off
2017-01-31 18:00:00, -4.5, 0.0, 0.0, off
2017-01-31 18:10:00, -4.7, 0.0, 0.0, off
2017-01-31 18:20:00, -4.6, 0.0, 0.0, off
2017-01-31 18:30:00, -5.0, 0.0, 0.0, off
2017-01-31 18:40:00, -5.5, 0.0, 0.0, off
2017-01-31 18:50:00, -5.0, 0.0, 0.0, off
2017-01-31 19:00:00, -5.1, 0.0, 0.0, off
2017-01-31 19:10:00, -5.3, 0.0, 0.0, off
2017-01-31 19:20:00, -5.2, 0.0, 0.0, off
2017-01-31 19:30:00, -4.8, 0.0, 0.0, off
2017-01-31 19:40:00, -5.2, 0.0, 0.0, off
2017-01-31 19:50:00, -4.7, 0.0, 0.0, off
2017-01-31 20:00:00, -5.3, 0.0, 0.0, off
2017-01-31 20:10:00, -4.9, 0.0, 0.0, off
2017-01-31 20:20:00, -4.7, 0.0, 0.0, off
2017-01-31 20:30:00, -4.6, 0.0, 0.0, off
2017-01-31 20:40:00, -4.8, 0.0, 0.0, off
2017-01-31 20:50:00, -5.1, 0.0, 0.0, off
2017-01-31 21:00:00, -5.0, 0.0, 0.0, off
2017-01-31 21:10:00, -5.0, 0.0, 0.0, off
2017-01-31 21:20:00, -5.2, 0.0, 0.0, off
2017-01-31 21:30:00, -5.2, 0.0, 0.0, off
2017-01-31 21:40:00, -5.2, 0.0, 0.0, off
2017-01-31 21:50:00, -5.3, 0.0, 0.0, off
2017-01-31 22:00:00, -5.3, 0.0, 0.0, off
2017-01-31 22:10:00, -5.2, 0.0, 0.0, off
2017-01-31 22:20:00, -5.1, 0.0, 0.0, off
2017-01-31 22:30:00, -5.0, 0.0, 0.0, off
2017-01-31 22:40:00, -4.9, 0.0, 0.0, off
2017-01-31 22:50:00, -5.0, 0.0, 0.0, off
2017-01-31 23:00:00, -5.1, 0.0, 0.0, off
2017-01-31 23:10:00, -5.2, 0.0, 0.0, off
2017-01-31 23:20:00, -5.2, 0.0, 0.0, off
2017-01-31 23:30:00, -5.3, 0.0, 0.0, off
2017-01-31 23:40:00, -5.0, 0.0, 0.0, off
2017-01-31 23:50:00, -5.0, 0.0, 0.0, off
2017-02-01 00:00:00, -4.9, 0.0, 0.0, off

----- day 3 -----
2017-02-01 00:10:00, -4.7, 0.0, 0.0, off
2017-02-01 00:20:00, -4.7, 0.0, 0.0, off
2017-02-01 00:30:00, -4.7, 0.0, 0.0, off
2017-02-01 00:40:00, -4.7, 0.0, 0.0, off
2017-02-01 00:50:00, -4.7, 0.0, 0.0, off
2017-02-01 01:00:00, -4.7, 0.0, 0.0, off
2017-02-01 01:10:00, -4.7, 0.0, 0.0, off
2017-02-01 01:20:00, -5.1, 0.0, 0.0, off
2017-02-01 01:30:00, -5.3, 0.0, 0.0, off
2017-02-01 01:40:00, -5.9, 0.0, 0.0, off
2017-02-01 01:50:00, -5.8, 0.0, 0.0, off
2017-02-01 02:00:00, -6.3, 0.0, 0.0, off
2017-02-01 02:10:00, -6.8, 0.0, 0.0, off
2017-02-01 02:20:00, -6.4, 0.0, 0.0, off
2017-02-01 02:30:00, -6.6, 0.0, 0.0, off
2017-02-01 02:40:00, -6.2, 0.0, 0.0, off
2017-02-01 02:50:00, -5.8, 0.0, 0.0, off
2017-02-01 03:00:00, -5.7, 0.0, 0.0, off
2017-02-01 03:10:00, -5.6, 0.0, 0.0, off
2017-02-01 03:20:00, -5.7, 0.0, 0.0, off
2017-02-01 03:30:00, -5.4, 0.0, 0.0, off
2017-02-01 03:40:00, -5.3, 0.0, 0.0, off
2017-02-01 03:50:00, -5.2, 0.0, 0.0, off
2017-02-01 04:00:00, -5.2, 0.0, 0.0, off
2017-02-01 04:10:00, -5.1, 0.0, 0.0, off
2017-02-01 04:20:00, -5.0, 0.0, 0.0, off
2017-02-01 04:30:00, -4.9, 0.0, 0.0, off
2017-02-01 04:40:00, -4.8, 0.0, 0.0, off
2017-02-01 04:50:00, -4.7, 0.0, 0.0, off
2017-02-01 05:00:00, -4.5, 0.0, 0.0, off
2017-02-01 05:10:00, -4.6, 0.0, 0.0, off
2017-02-01 05:20:00, -4.2, 0.0, 0.0, off
2017-02-01 05:30:00, -4.3, 0.0, 0.0, off
2017-02-01 05:40:00, -3.9, 0.0, 0.0, off
2017-02-01 05:50:00, -3.9, 0.0, 0.0, off
2017-02-01 06:00:00, -3.8, 0.0, 0.0, off
2017-02-01 06:10:00, -3.8, 0.0, 0.0, off
2017-02-01 06:20:00, -4.1, 0.0, 0.0, off
2017-02-01 06:30:00, -3.8, 0.0, 0.0, off
2017-02-01 06:40:00, -3.8, 0.0, 0.0, off
2017-02-01 06:50:00, -3.6, 0.0, 0.0, off
2017-02-01 07:00:00, -4.0, 0.0, 0.0, off
2017-02-01 07:10:00, -4.1, 0.0, 0.0, off
2017-02-01 07:20:00, -4.1, 0.0, 0.0, off
2017-02-01 07:30:00, -4.1, 0.0, 0.0, off
2017-02-01 07:40:00, -4.0, 0.0, 0.0, off
2017-02-01 07:50:00, -4.0, 0.0, 0.0, off
2017-02-01 08:00:00, -3.8, 0.0, 0.0, off
2017-02-01 08:10:00, -3.8, 0.0, 0.0, off
2017-02-01 08:20:00, -3.8, 0.0, 0.0, off
2017-02-01 08:30:00, -3.5, 0.0, 0.0, off
2017-02-01 08:40:00, -3.3, 0.0, 0.0, off
2017-02-01 08:50:00, -3.2, 0.0, 0.0, off
2017-02-01 09:00:00, -2.8, 0.0, 0.0, off
2017-02-01 09:10:00, -2.6, 0.0, 0.0, off
2017-02-01 09:20:00, -2.6, 0.0, 0.0, off
2017-02-01 09:30:00, -2.4, 0.0, 0.0, off
2017-02-01 09:40:00, -2.2, 0.0, 0.0, off
2017-02-01 09:50:00, -2.0, 0.0, 0.0, off
2017-02-01 10:00:00, -1.9, 0.0, 0.0, off
2017-02-01 10:10:00, -1.8, 0.0, 0.0, off
2017-02-01 10:20:00, -1.4, 0.0, 0.0, off
2017-02-01 10:30:00, -1.2, 0.0, 0.0, off
2017-02-01 10:40:00, -0.9, 0.0, 0.0, off
2017-02-01 10:50:00, -0.5, 0.0, 0.0, off
2017-02-01 11:00:00, -0.4, 0.0, 0.0, off
2017-02-01 11:10:00, -0.2, 0.0, 0.0, off
2017-02-01 11:20:00, 0.1, 0.0, 0.0, off
2017-02-01 11:30:00, 0.5, 0.0, 0.0, off
2017-02-01 11:40:00, 0.2, 0.0, 0.0, off
2017-02-01 11:50:00, 0.1, 0.0, 0.0, off
2017-02-01 12:00:00, 0.2, 0.0, 0.0, off
2017-02-01 12:10:00, 0.3, 0.0, 0.0, off
2017-02-01 12:20:00, 0.4, 0.0, 0.0, off
2017-02-01 12:30:00, 0.6, 0.0, 0.0, off
2017-02-01 12:40:00, 0.8, 0.0, 0.0, off
2017-02-01 12:50:00, 0.8, 0.0, 0.0, off
2017-02-01 13:00:00, 0.9, 0.0, 0.0, off
2017-02-01 13:10:00, 0.8, 0.0, 0.0, off
2017-02-01 13:20:00, 0.8, 0.0, 0.0, off
2017-02-01 13:30:00, 0.5, 0.0, 0.0, off
2017-02-01 13:40:00, 0.5, 0.0, 0.0, off
2017-02-01 13:50:00, -1.0, 0.0, 0.0, off
2017-02-01 14:00:00, -1.4, 0.011, 0.079610855646, off
2017-02-01 14:10:00, -1.7, 0.011, 0.178692559848, on
2017-02-01 14:20:00, -1.8, 0.011, 0.17688141601, on
2017-02-01 14:30:00, -2.0, 0.011, 0.137492233891, on
2017-02-01 14:40:00, -2.1, 0.011, 0.0852684874551, on
2017-02-01 14:50:00, -2.1, 0.011, 0.0329486388662, on
2017-02-01 15:00:00, -2.1, 0.011, 0.0, off
2017-02-01 15:10:00, -2.1, 0.011, 0.049873347127, off
2017-02-01 15:20:00, -2.3, 0.011, 0.137535784551, off
2017-02-01 15:30:00, -2.7, 0.011, 0.239393835327, on
2017-02-01 15:40:00, -2.6, 0.011, 0.239010357358, on
2017-02-01 15:50:00, -2.5, 0.011, 0.200417303189, on
2017-02-01 16:00:00, -2.8, 0.011, 0.148646304016, on
2017-02-01 16:10:00, -3.0, 0.011, 0.096923638062, on
2017-02-01 16:20:00, -3.0, 0.0, 0.0, on
2017-02-01 16:30:00, -3.4, 0.0, 0.0, off
2017-02-01 16:40:00, -3.8, 0.0, 0.0, off
2017-02-01 16:50:00, -4.1, 0.0, 0.0, off
2017-02-01 17:00:00, -4.0, 0.0, 0.0, off
2017-02-01 17:10:00, -4.1, 0.011, 0.0401143049455, off
2017-02-01 17:20:00, -4.3, 0.011, 0.124411665175, off
2017-02-01 17:30:00, -4.6, 0.011, 0.225173893251, on
2017-02-01 17:40:00, -4.6, 0.011, 0.224522089632, on
2017-02-01 17:50:00, -4.8, 0.011, 0.185948946421, on
2017-02-01 18:00:00, -4.8, 0.011, 0.134329458097, on
2017-02-01 18:10:00, -4.9, 0.011, 0.0826746458735, on
2017-02-01 18:20:00, -5.2, 0.011, 0.0309938874882, on
2017-02-01 18:30:00, -5.3, 0.011, 0.0, off
2017-02-01 18:40:00, -5.3, 0.011, 0.0519523471161, off
2017-02-01 18:50:00, -5.2, 0.011, 0.140576017632, on
2017-02-01 19:00:00, -5.4, 0.011, 0.135559695997, on
2017-02-01 19:10:00, -6.2, 0.0, 0.0, on
2017-02-01 19:20:00, -6.0, 0.0, 0.0, off
2017-02-01 19:30:00, -5.9, 0.0, 0.0, off
2017-02-01 19:40:00, -5.9, 0.0, 0.0, off
2017-02-01 19:50:00, -6.1, 0.0, 0.0, off
2017-02-01 20:00:00, -6.0, 0.0, 0.0, off
2017-02-01 20:10:00, -6.2, 0.0, 0.0, off
2017-02-01 20:20:00, -6.3, 0.0, 0.0, off
2017-02-01 20:30:00, -6.3, 0.0, 0.0, off
2017-02-01 20:40:00, -6.3, 0.0, 0.0, off
2017-02-01 20:50:00, -6.5, 0.0, 0.0, off
2017-02-01 21:00:00, -6.5, 0.0, 0.0, off
2017-02-01 21:10:00, -6.6, 0.0, 0.0, off
2017-02-01 21:20:00, -6.8, 0.0, 0.0, off
2017-02-01 21:30:00, -6.7, 0.0, 0.0, off
2017-02-01 21:40:00, -7.0, 0.0, 0.0, off
2017-02-01 21:50:00, -6.9, 0.0, 0.0, off
2017-02-01 22:00:00, -7.0, 0.0, 0.0, off
2017-02-01 22:10:00, -7.1, 0.0, 0.0, off
2017-02-01 22:20:00, -7.1, 0.0, 0.0, off
2017-02-01 22:30:00, -7.0, 0.0, 0.0, off
2017-02-01 22:40:00, -7.1, 0.0, 0.0, off
2017-02-01 22:50:00, -7.4, 0.011, 0.11, off
2017-02-01 23:00:00, -7.6, 0.011, 0.22, on
2017-02-01 23:10:00, -7.8, 0.011, 0.169012943259, on
2017-02-01 23:20:00, -7.8, 0.011, 0.11783868137, on
2017-02-01 23:30:00, -7.9, 0.011, 0.0665380804835, on
2017-02-01 23:40:00, -7.9, 0.011, 0.0151369482391, on
2017-02-01 23:50:00, -7.9, 0.011, 0.0, off
2017-02-02 00:00:00, -7.8, 0.011, 0.0530540382355, off

----- day 4 -----
2017-02-02 00:10:00, -7.6, 0.011, 0.142163132223, on
2017-02-02 00:20:00, -7.7, 0.009, 0.117380908037, on
2017-02-02 00:30:00, -7.9, 0.009, 0.0575662294661, on
2017-02-02 00:40:00, -7.8, 0.009, 0.0, on
2017-02-02 00:50:00, -7.6, 0.009, 0.0, off
2017-02-02 01:00:00, -7.4, 0.009, 0.0321674559824, off
2017-02-02 01:10:00, -7.7, 0.009, 0.101375009361, off
2017-02-02 01:20:00, -7.6, 0.009, 0.184304421618, on
2017-02-02 01:30:00, -7.9, 0.009, 0.16479290217, on
2017-02-02 01:40:00, -7.9, 0.009, 0.106877902924, on
2017-02-02 01:50:00, -7.5, 0.009, 0.0356346355232, on
2017-02-02 02:00:00, -7.5, 0.0, 0.0, off
2017-02-02 02:10:00, -7.4, 0.0, 0.0, off
2017-02-02 02:20:00, -7.6, 0.0, 0.0, off
2017-02-02 02:30:00, -7.2, 0.0, 0.0, off
2017-02-02 02:40:00, -7.6, 0.0, 0.0, off
2017-02-02 02:50:00, -8.2, 0.0, 0.0, off
2017-02-02 03:00:00, -8.2, 0.009, 0.0770428957798, off
2017-02-02 03:10:00, -8.2, 0.009, 0.163065402956, on
2017-02-02 03:20:00, -8.1, 0.009, 0.144680632808, on
2017-02-02 03:30:00, -8.2, 0.0, 0.0, on
2017-02-02 03:40:00, -8.4, 0.009, 0.0, off
2017-02-02 03:50:00, -8.5, 0.009, 0.0323530037774, off
2017-02-02 04:00:00, -8.5, 0.009, 0.101224005878, off
2017-02-02 04:10:00, -8.6, 0.009, 0.183999128738, on
2017-02-02 04:20:00, -8.8, 0.009, 0.164375428142, on
2017-02-02 04:30:00, -8.7, 0.009, 0.106405695698, on
2017-02-02 04:40:00, -8.5, 0.009, 0.0351451333431, on
2017-02-02 04:50:00, -8.3, 0.009, 0.0, off
2017-02-02 05:00:00, -8.6, 0.009, 0.0330635585861, off
2017-02-02 05:10:00, -8.6, 0.009, 0.102529483477, off
2017-02-02 05:20:00, -8.7, 0.009, 0.185548024533, on
2017-02-02 05:30:00, -8.7, 0.009, 0.166061220342, on
2017-02-02 05:40:00, -8.6, 0.009, 0.108171109415, on
2017-02-02 05:50:00, -8.3, 0.009, 0.0369361559227, on
2017-02-02 06:00:00, -8.7, 0.009, 0.0, off
2017-02-02 06:10:00, -8.6, 0.009, 0.0327583478464, off
2017-02-02 06:20:00, -8.7, 0.009, 0.102177934894, off
2017-02-02 06:30:00, -8.8, 0.009, 0.185186625272, on
2017-02-02 06:40:00, -8.7, 0.009, 0.16569565739, on
2017-02-02 06:50:00, -8.6, 0.0, 0.0178325143478, on
2017-02-02 07:00:00, -8.6, 0.0, 0.0, off
2017-02-02 07:10:00, -8.5, 0.0, 0.0, off
2017-02-02 07:20:00, -8.3, 0.0, 0.0, off
2017-02-02 07:30:00, -8.4, 0.0, 0.0, off
2017-02-02 07:40:00, -8.6, 0.0, 0.0, off
2017-02-02 07:50:00, -8.7, 0.0, 0.0, off
2017-02-02 08:00:00, -8.9, 0.0, 0.0, off
2017-02-02 08:10:00, -8.8, 0.0, 0.0, off
2017-02-02 08:20:00, -8.6, 0.0, 0.0, off
2017-02-02 08:30:00, -8.3, 0.0, 0.0, off
2017-02-02 08:40:00, -8.1, 0.0, 0.0, off
2017-02-02 08:50:00, -8.4, 0.0, 0.0, off
2017-02-02 09:00:00, -8.0, 0.0, 0.0, off
2017-02-02 09:10:00, -7.7, 0.0, 0.0, off
2017-02-02 09:20:00, -7.8, 0.0, 0.0, off
2017-02-02 09:30:00, -7.4, 0.0, 0.0, off
2017-02-02 09:40:00, -7.5, 0.0, 0.0, off
2017-02-02 09:50:00, -7.7, 0.0, 0.0, off
2017-02-02 10:00:00, -7.6, 0.0, 0.0, off
2017-02-02 10:10:00, -7.4, 0.0, 0.0, off
2017-02-02 10:20:00, -7.1, 0.0, 0.0, off
2017-02-02 10:30:00, -6.9, 0.0, 0.0, off
2017-02-02 10:40:00, -6.9, 0.0, 0.0, off
2017-02-02 10:50:00, -6.5, 0.0, 0.0, off
2017-02-02 11:00:00, -6.5, 0.0, 0.0, off
2017-02-02 11:10:00, -6.8, 0.0, 0.0, off
2017-02-02 11:20:00, -6.4, 0.0, 0.0, off
2017-02-02 11:30:00, -7.0, 0.0, 0.0, off
2017-02-02 11:40:00, -6.4, 0.0, 0.0, off
2017-02-02 11:50:00, -7.3, 0.0, 0.0, off
2017-02-02 12:00:00, -7.5, 0.0, 0.0, off
2017-02-02 12:10:00, -6.4, 0.0, 0.0, off
2017-02-02 12:20:00, -5.9, 0.0, 0.0, off
2017-02-02 12:30:00, -6.3, 0.0, 0.0, off
2017-02-02 12:40:00, -6.1, 0.0, 0.0, off
2017-02-02 12:50:00, -7.3, 0.0, 0.0, off
2017-02-02 13:00:00, -8.0, 0.0, 0.0, off
2017-02-02 13:10:00, -8.5, 0.009, 0.078264501393, off
2017-02-02 13:20:00, -8.3, 0.009, 0.164277555034, on
2017-02-02 13:30:00, -8.1, 0.009, 0.145268083186, on
2017-02-02 13:40:00, -7.9, 0.0, 0.0, on
2017-02-02 13:50:00, -8.2, 0.0, 0.0, off
2017-02-02 14:00:00, -8.1, 0.0, 0.0, off
2017-02-02 14:10:00, -7.9, 0.0, 0.0, off
2017-02-02 14:20:00, -7.3, 0.0, 0.0, off
2017-02-02 14:30:00, -7.5, 0.0, 0.0, off
2017-02-02 14:40:00, -7.5, 0.009, 0.014958997793, off
2017-02-02 14:50:00, -7.6, 0.009, 0.0773827230192, off
2017-02-02 15:00:00, -7.3, 0.009, 0.157324930537, on
2017-02-02 15:10:00, -7.3, 0.009, 0.13641174776, on
2017-02-02 15:20:00, -6.9, 0.0, 0.0, on
2017-02-02 15:30:00, -6.8, 0.0, 0.0, off
2017-02-02 15:40:00, -7.4, 0.0, 0.0, off
2017-02-02 15:50:00, -7.4, 0.009, 0.0, off
2017-02-02 16:00:00, -7.8, 0.009, 0.0491173935508, off
2017-02-02 16:10:00, -7.6, 0.009, 0.124001856605, off
2017-02-02 16:20:00, -7.5, 0.009, 0.208688297773, on
2017-02-02 16:30:00, -7.7, 0.009, 0.189576827295, on
2017-02-02 16:40:00, -7.9, 0.009, 0.131675805671, on
2017-02-02 16:50:00, -7.8, 0.009, 0.0601516375291, on
2017-02-02 17:00:00, -8.0, 0.009, 0.0, on
2017-02-02 17:10:00, -7.8, 0.009, 0.0, off
2017-02-02 17:20:00, -8.0, 0.009, 0.0318812525902, off
2017-02-02 17:30:00, -8.1, 0.009, 0.100884965902, off
2017-02-02 17:40:00, -8.1, 0.009, 0.183596739741, on
2017-02-02 17:50:00, -8.1, 0.009, 0.163843885872, on
2017-02-02 18:00:00, -8.1, 0.009, 0.105792094464, on
2017-02-02 18:10:00, -8.0, 0.009, 0.0344760626769, on
2017-02-02 18:20:00, -7.9, 0.009, 0.0, off
2017-02-02 18:30:00, -7.9, 0.009, 0.032536318728, off
2017-02-02 18:40:00, -7.6, 0.009, 0.101558722848, off
2017-02-02 18:50:00, -7.7, 0.009, 0.18455612052, on
2017-02-02 19:00:00, -7.6, 0.009, 0.16501089258, on
2017-02-02 19:10:00, -7.4, 0.009, 0.107020455925, on
2017-02-02 19:20:00, -7.4, 0.0, 0.0, on
2017-02-02 19:30:00, -6.9, 0.0, 0.0, off
2017-02-02 19:40:00, -7.0, 0.0, 0.0, off
2017-02-02 19:50:00, -6.8, 0.0, 0.0, off
2017-02-02 20:00:00, -6.8, 0.0, 0.0, off
2017-02-02 20:10:00, -6.7, 0.0, 0.0, off
2017-02-02 20:20:00, -7.0, 0.0, 0.0, off
2017-02-02 20:30:00, -6.9, 0.0, 0.0, off
2017-02-02 20:40:00, -7.1, 0.0, 0.0, off
2017-02-02 20:50:00, -7.2, 0.0, 0.0, off
2017-02-02 21:00:00, -7.2, 0.0, 0.0, off
2017-02-02 21:10:00, -6.9, 0.0, 0.0, off
2017-02-02 21:20:00, -6.9, 0.0, 0.0, off
2017-02-02 21:30:00, -7.5, 0.0, 0.0, off
2017-02-02 21:40:00, -7.7, 0.0, 0.0, off
2017-02-02 21:50:00, -7.8, 0.009, 0.09, off
2017-02-02 22:00:00, -7.8, 0.009, 0.18, on
2017-02-02 22:10:00, -7.6, 0.009, 0.163557767803, on
2017-02-02 22:20:00, -7.7, 0.009, 0.106806688088, on
2017-02-02 22:30:00, -7.5, 0.009, 0.0355520168515, on
2017-02-02 22:40:00, -7.7, 0.009, 0.0, off
2017-02-02 22:50:00, -7.3, 0.0, 0.0, off
2017-02-02 23:00:00, -7.6, 0.009, 0.0456754878587, off
2017-02-02 23:10:00, -7.7, 0.009, 0.11992310915, off
2017-02-02 23:20:00, -8.0, 0.009, 0.204680171009, on
2017-02-02 23:30:00, -8.1, 0.009, 0.185755103253, on
2017-02-02 23:40:00, -7.9, 0.009, 0.127980074166, on
2017-02-02 23:50:00, -7.7, 0.0, 0.0, on
2017-02-03 00:00:00, -7.7, 0.0, 0.0, off

----- day 5 -----
2017-02-03 00:10:00, -7.7, 0.0, 0.0, off
2017-02-03 00:20:00, -7.8, 0.0, 0.0, off
2017-02-03 00:30:00, -7.9, 0.0, 0.0, off
2017-02-03 00:40:00, -7.6, 0.0, 0.0, off
2017-02-03 00:50:00, -7.2, 0.0, 0.0, off
2017-02-03 01:00:00, -7.4, 0.0, 0.0, off
2017-02-03 01:10:00, -7.3, 0.0, 0.0, off
2017-02-03 01:20:00, -7.5, 0.018, 0.136118998111, off
2017-02-03 01:30:00, -7.2, 0.0, 0.120017641771, on
2017-02-03 01:40:00, -6.9, 0.0, 0.00713744927701, on
2017-02-03 01:50:00, -7.1, 0.0, 0.0, off
2017-02-03 02:00:00, -7.2, 0.0, 0.0, off
2017-02-03 02:10:00, -6.8, 0.0, 0.0, off
2017-02-03 02:20:00, -6.9, 0.0, 0.0, off
2017-02-03 02:30:00, -7.1, 0.0, 0.0, off
2017-02-03 02:40:00, -6.8, 0.0, 0.0, off
2017-02-03 02:50:00, -6.9, 0.0, 0.0, off
2017-02-03 03:00:00, -6.9, 0.0, 0.0, off
2017-02-03 03:10:00, -7.0, 0.0, 0.0, off
2017-02-03 03:20:00, -7.1, 0.0, 0.0, off
2017-02-03 03:30:00, -6.9, 0.0, 0.0, off
2017-02-03 03:40:00, -6.7, 0.0, 0.0, off
2017-02-03 03:50:00, -6.8, 0.0, 0.0, off
2017-02-03 04:00:00, -7.5, 0.0, 0.0, off
2017-02-03 04:10:00, -7.5, 0.0, 0.0, off
2017-02-03 04:20:00, -7.2, 0.0, 0.0, off
2017-02-03 04:30:00, -7.1, 0.0, 0.0, off
2017-02-03 04:40:00, -7.0, 0.0, 0.0, off
2017-02-03 04:50:00, -6.7, 0.0, 0.0, off
2017-02-03 05:00:00, -7.0, 0.0, 0.0, off
2017-02-03 05:10:00, -7.0, 0.0, 0.0, off
2017-02-03 05:20:00, -7.1, 0.0, 0.0, off
2017-02-03 05:30:00, -7.2, 0.0, 0.0, off
2017-02-03 05:40:00, -7.1, 0.0, 0.0, off
2017-02-03 05:50:00, -6.8, 0.0, 0.0, off
2017-02-03 06:00:00, -6.7, 0.0, 0.0, off
2017-02-03 06:10:00, -6.8, 0.0, 0.0, off
2017-02-03 06:20:00, -6.7, 0.0, 0.0, off
2017-02-03 06:30:00, -6.6, 0.0, 0.0, off
2017-02-03 06:40:00, -6.9, 0.0, 0.0, off
2017-02-03 06:50:00, -6.9, 0.0, 0.0, off
2017-02-03 07:00:00, -6.9, 0.0, 0.0, off
2017-02-03 07:10:00, -6.7, 0.0, 0.0, off
2017-02-03 07:20:00, -7.0, 0.0, 0.0, off
2017-02-03 07:30:00, -6.9, 0.0, 0.0, off
2017-02-03 07:40:00, -6.9, 0.018, 0.18, off
2017-02-03 07:50:00, -7.1, 0.018, 0.36, on
2017-02-03 08:00:00, -6.9, 0.018, 0.378623496773, on
2017-02-03 08:10:00, -6.7, 0.018, 0.397063958537, on
2017-02-03 08:20:00, -6.5, 0.018, 0.41541916022, on
2017-02-03 08:30:00, -6.4, 0.0, 0.253717588475, on
2017-02-03 08:40:00, -6.5, 0.0, 0.0920263046669, on
2017-02-03 08:50:00, -6.4, 0.0, 0.0, on
2017-02-03 09:00:00, -6.4, 0.0, 0.0, off
2017-02-03 09:10:00, -6.1, 0.0, 0.0, off
2017-02-03 09:20:00, -5.8, 0.0, 0.0, off
2017-02-03 09:30:00, -5.3, 0.0, 0.0, off
2017-02-03 09:40:00, -5.8, 0.0, 0.0, off
2017-02-03 09:50:00, -5.8, 0.0, 0.0, off
2017-02-03 10:00:00, -5.5, 0.0, 0.0, off
2017-02-03 10:10:00, -5.6, 0.0, 0.0, off
2017-02-03 10:20:00, -4.8, 0.0, 0.0, off
2017-02-03 10:30:00, -4.2, 0.0, 0.0, off
2017-02-03 10:40:00, -4.1, 0.0, 0.0, off
2017-02-03 10:50:00, -3.7, 0.0, 0.0, off
2017-02-03 11:00:00, -3.9, 0.0, 0.0, off
2017-02-03 11:10:00, -3.6, 0.0, 0.0, off
2017-02-03 11:20:00, -4.1, 0.0, 0.0, off
2017-02-03 11:30:00, -3.9, 0.0, 0.0, off
2017-02-03 11:40:00, -3.4, 0.0, 0.0, off
2017-02-03 11:50:00, -3.8, 0.0, 0.0, off
2017-02-03 12:00:00, -3.7, 0.0, 0.0, off
2017-02-03 12:10:00, -3.2, 0.0, 0.0, off
2017-02-03 12:20:00, -3.3, 0.0, 0.0, off
2017-02-03 12:30:00, -2.8, 0.0, 0.0, off
2017-02-03 12:40:00, -3.0, 0.0, 0.0, off
2017-02-03 12:50:00, -2.9, 0.0, 0.0, off
2017-02-03 13:00:00, -3.3, 0.0, 0.0, off
2017-02-03 13:10:00, -3.3, 0.0, 0.0, off
2017-02-03 13:20:00, -3.6, 0.0, 0.0, off
2017-02-03 13:30:00, -3.1, 0.0, 0.0, off
2017-02-03 13:40:00, -2.9, 0.0, 0.0, off
2017-02-03 13:50:00, -2.9, 0.0, 0.0, off
2017-02-03 14:00:00, -2.8, 0.0, 0.0, off
2017-02-03 14:10:00, -2.8, 0.0, 0.0, off
2017-02-03 14:20:00, -3.2, 0.0, 0.0, off
2017-02-03 14:30:00, -3.2, 0.0, 0.0, off
2017-02-03 14:40:00, -3.1, 0.0, 0.0, off
2017-02-03 14:50:00, -3.1, 0.0, 0.0, off
2017-02-03 15:00:00, -2.8, 0.0, 0.0, off
2017-02-03 15:10:00, -2.6, 0.0, 0.0, off
2017-02-03 15:20:00, -3.2, 0.0, 0.0, off
2017-02-03 15:30:00, -3.1, 0.0, 0.0, off
2017-02-03 15:40:00, -3.0, 0.0, 0.0, off
2017-02-03 15:50:00, -3.2, 0.0, 0.0, off
2017-02-03 16:00:00, -3.2, 0.0, 0.0, off
2017-02-03 16:10:00, -3.4, 0.0, 0.0, off
2017-02-03 16:20:00, -3.4, 0.0, 0.0, off
2017-02-03 16:30:00, -3.6, 0.0, 0.0, off
2017-02-03 16:40:00, -3.4, 0.0, 0.0, off
2017-02-03 16:50:00, -3.5, 0.0, 0.0, off
2017-02-03 17:00:00, -3.7, 0.0, 0.0, off
2017-02-03 17:10:00, -3.5, 0.0, 0.0, off
2017-02-03 17:20:00, -3.6, 0.0, 0.0, off
2017-02-03 17:30:00, -3.3, 0.0, 0.0, off
2017-02-03 17:40:00, -3.3, 0.0, 0.0, off
2017-02-03 17:50:00, -3.7, 0.0, 0.0, off
2017-02-03 18:00:00, -3.5, 0.0, 0.0, off
2017-02-03 18:10:00, -3.5, 0.0, 0.0, off
2017-02-03 18:20:00, -3.3, 0.0, 0.0, off
2017-02-03 18:30:00, -3.4, 0.0, 0.0, off
2017-02-03 18:40:00, -3.3, 0.0, 0.0, off
2017-02-03 18:50:00, -3.3, 0.0, 0.0, off
2017-02-03 19:00:00, -3.4, 0.0, 0.0, off
2017-02-03 19:10:00, -3.4, 0.0, 0.0, off
2017-02-03 19:20:00, -3.5, 0.0, 0.0, off
2017-02-03 19:30:00, -3.6, 0.0, 0.0, off
2017-02-03 19:40:00, -3.7, 0.0, 0.0, off
2017-02-03 19:50:00, -3.6, 0.0, 0.0, off
2017-02-03 20:00:00, -3.7, 0.0, 0.0, off
2017-02-03 20:10:00, -3.8, 0.0, 0.0, off
2017-02-03 20:20:00, -3.7, 0.0, 0.0, off
2017-02-03 20:30:00, -3.9, 0.0, 0.0, off
2017-02-03 20:40:00, -3.8, 0.0, 0.0, off
2017-02-03 20:50:00, -3.9, 0.0, 0.0, off
2017-02-03 21:00:00, -4.1, 0.0, 0.0, off
2017-02-03 21:10:00, -4.1, 0.0, 0.0, off
2017-02-03 21:20:00, -3.5, 0.0, 0.0, off
2017-02-03 21:30:00, -2.7, 0.0, 0.0, off
2017-02-03 21:40:00, -2.3, 0.0, 0.0, off
2017-02-03 21:50:00, -2.3, 0.0, 0.0, off
2017-02-03 22:00:00, -2.3, 0.0, 0.0, off
2017-02-03 22:10:00, -2.1, 0.0, 0.0, off
2017-02-03 22:20:00, -1.9, 0.0, 0.0, off
2017-02-03 22:30:00, -2.0, 0.0, 0.0, off
2017-02-03 22:40:00, -2.0, 0.0, 0.0, off
2017-02-03 22:50:00, -1.9, 0.0, 0.0, off
2017-02-03 23:00:00, -2.0, 0.0, 0.0, off
2017-02-03 23:10:00, -2.1, 0.0, 0.0, off
2017-02-03 23:20:00, -2.2, 0.0, 0.0, off
2017-02-03 23:30:00, -2.1, 0.0, 0.0, off
2017-02-03 23:40:00, -2.0, 0.0, 0.0, off
2017-02-03 23:50:00, -2.0, 0.0, 0.0, off
2017-02-04 00:00:00, -2.3, 0.0, 0.0, off

----- day 6 -----
2017-02-04 00:10:00, -2.3, 0.0, 0.0, off
2017-02-04 00:20:00, -2.3, 0.0, 0.0, off
2017-02-04 00:30:00, -2.2, 0.0, 0.0, off
2017-02-04 00:40:00, -2.1, 0.0, 0.0, off
2017-02-04 00:50:00, -2.0, 0.0, 0.0, off
2017-02-04 01:00:00, -1.8, 0.0, 0.0, off
2017-02-04 01:10:00, -1.6, 0.0, 0.0, off
2017-02-04 01:20:00, -1.5, 0.0, 0.0, off
2017-02-04 01:30:00, -1.5, 0.0, 0.0, off
2017-02-04 01:40:00, -1.3, 0.0, 0.0, off
2017-02-04 01:50:00, -1.3, 0.0, 0.0, off
2017-02-04 02:00:00, -1.2, 0.0, 0.0, off
2017-02-04 02:10:00, -1.3, 0.0, 0.0, off
2017-02-04 02:20:00, -1.2, 0.0, 0.0, off
2017-02-04 02:30:00, -1.4, 0.0, 0.0, off
2017-02-04 02:40:00, -1.2, 0.0, 0.0, off
2017-02-04 02:50:00, -1.2, 0.0, 0.0, off
2017-02-04 03:00:00, -1.2, 0.0, 0.0, off
2017-02-04 03:10:00, -1.2, 0.0, 0.0, off
2017-02-04 03:20:00, -1.3, 0.0, 0.0, off
2017-02-04 03:30:00, -1.3, 0.0, 0.0, off
2017-02-04 03:40:00, -1.3, 0.0, 0.0, off
2017-02-04 03:50:00, -1.2, 0.0, 0.0, off
2017-02-04 04:00:00, -1.2, 0.0, 0.0, off
2017-02-04 04:10:00, -1.2, 0.0, 0.0, off
2017-02-04 04:20:00, -1.2, 0.0, 0.0, off
2017-02-04 04:30:00, -1.0, 0.0, 0.0, off
2017-02-04 04:40:00, -0.9, 0.0, 0.0, off
2017-02-04 04:50:00, -0.9, 0.0, 0.0, off
2017-02-04 05:00:00, -0.7, 0.0, 0.0, off
2017-02-04 05:10:00, -0.7, 0.0, 0.0, off
2017-02-04 05:20:00, -0.7, 0.0, 0.0, off
2017-02-04 05:30:00, -0.7, 0.0, 0.0, off
2017-02-04 05:40:00, -0.6, 0.0, 0.0, off
2017-02-04 05:50:00, -0.7, 0.0, 0.0, off
2017-02-04 06:00:00, -0.7, 0.0, 0.0, off
2017-02-04 06:10:00, -0.6, 0.0, 0.0, off
2017-02-04 06:20:00, -0.6, 0.0, 0.0, off
2017-02-04 06:30:00, -0.8, 0.0, 0.0, off
2017-02-04 06:40:00, -0.7, 0.0, 0.0, off
2017-02-04 06:50:00, -0.5, 0.0, 0.0, off
2017-02-04 07:00:00, -0.6, 0.0, 0.0, off
2017-02-04 07:10:00, -0.5, 0.0, 0.0, off
2017-02-04 07:20:00, -0.6, 0.0, 0.0, off
2017-02-04 07:30:00, -0.4, 0.0, 0.0, off
2017-02-04 07:40:00, -0.3, 0.0, 0.0, off
2017-02-04 07:50:00, -0.6, 0.0, 0.0, off
2017-02-04 08:00:00, -0.8, 0.0, 0.0, off
2017-02-04 08:10:00, -0.8, 0.0, 0.0, off
2017-02-04 08:20:00, -0.8, 0.0, 0.0, off
2017-02-04 08:30:00, -0.6, 0.0, 0.0, off
2017-02-04 08:40:00, -0.5, 0.0, 0.0, off
2017-02-04 08:50:00, -0.4, 0.0, 0.0, off
2017-02-04 09:00:00, -0.4, 0.0, 0.0, off
2017-02-04 09:10:00, -0.4, 0.0, 0.0, off
2017-02-04 09:20:00, -0.2, 0.0, 0.0, off
2017-02-04 09:30:00, -0.2, 0.0, 0.0, off
2017-02-04 09:40:00, -0.2, 0.0, 0.0, off
2017-02-04 09:50:00, -0.2, 0.0, 0.0, off
2017-02-04 10:00:00, 0.0, 0.0, 0.0, off
2017-02-04 10:10:00, -0.2, 0.0, 0.0, off
2017-02-04 10:20:00, -0.2, 0.0, 0.0, off
2017-02-04 10:30:00, -0.2, 0.0, 0.0, off
2017-02-04 10:40:00, -0.3, 0.0, 0.0, off
2017-02-04 10:50:00, -0.2, 0.0, 0.0, off
2017-02-04 11:00:00, 0.2, 0.0, 0.0, off
2017-02-04 11:10:00, 0.6, 0.0, 0.0, off
2017-02-04 11:20:00, 0.8, 0.0, 0.0, off
2017-02-04 11:30:00, 0.9, 0.0, 0.0, off
2017-02-04 11:40:00, 1.5, 0.0, 0.0, off
2017-02-04 11:50:00, 1.9, 0.0, 0.0, off
2017-02-04 12:00:00, 1.8, 0.0, 0.0, off
2017-02-04 12:10:00, 2.1, 0.0, 0.0, off
2017-02-04 12:20:00, 1.7, 0.0, 0.0, off
2017-02-04 12:30:00, 1.6, 0.0, 0.0, off
2017-02-04 12:40:00, 1.7, 0.0, 0.0, off
2017-02-04 12:50:00, 1.6, 0.0, 0.0, off
2017-02-04 13:00:00, 1.4, 0.0, 0.0, off
2017-02-04 13:10:00, 1.2, 0.006, 0.0, off
2017-02-04 13:20:00, 1.2, 0.0, 0.0, off
2017-02-04 13:30:00, 1.0, 0.0, 0.0, off
2017-02-04 13:40:00, 1.2, 0.0, 0.0, off
2017-02-04 13:50:00, 1.5, 0.0, 0.0, off
2017-02-04 14:00:00, 1.5, 0.0, 0.0, off
2017-02-04 14:10:00, 1.8, 0.0, 0.0, off
2017-02-04 14:20:00, 2.0, 0.0, 0.0, off
2017-02-04 14:30:00, 1.5, 0.0, 0.0, off
2017-02-04 14:40:00, 1.5, 0.0, 0.0, off
2017-02-04 14:50:00, 1.5, 0.0, 0.0, off
2017-02-04 15:00:00, 1.5, 0.0, 0.0, off
2017-02-04 15:10:00, 1.0, 0.0, 0.0, off
2017-02-04 15:20:00, 0.9, 0.0, 0.0, off
2017-02-04 15:30:00, 0.6, 0.0, 0.0, off
2017-02-04 15:40:00, 0.7, 0.0, 0.0, off
2017-02-04 15:50:00, 0.7, 0.0, 0.0, off
2017-02-04 16:00:00, 0.6, 0.0, 0.0, off
2017-02-04 16:10:00, 0.7, 0.0, 0.0, off
2017-02-04 16:20:00, 0.7, 0.0, 0.0, off
2017-02-04 16:30:00, 0.7, 0.0, 0.0, off
2017-02-04 16:40:00, 0.7, 0.0, 0.0, off
2017-02-04 16:50:00, 0.7, 0.0, 0.0, off
2017-02-04 17:00:00, 0.7, 0.0, 0.0, off
2017-02-04 17:10:00, 0.7, 0.0, 0.0, off
2017-02-04 17:20:00, 0.6, 0.0, 0.0, off
2017-02-04 17:30:00, 0.6, 0.0, 0.0, off
2017-02-04 17:40:00, 0.5, 0.0, 0.0, off
2017-02-04 17:50:00, 0.5, 0.0, 0.0, off
2017-02-04 18:00:00, 0.5, 0.0, 0.0, off
2017-02-04 18:10:00, 0.5, 0.0, 0.0, off
2017-02-04 18:20:00, 0.6, 0.0, 0.0, off
2017-02-04 18:30:00, 0.6, 0.0, 0.0, off
2017-02-04 18:40:00, 0.5, 0.0, 0.0, off
2017-02-04 18:50:00, 0.6, 0.0, 0.0, off
2017-02-04 19:00:00, 0.6, 0.0, 0.0, off
2017-02-04 19:10:00, 0.5, 0.0, 0.0, off
2017-02-04 19:20:00, 0.6, 0.0, 0.0, off
2017-02-04 19:30:00, 0.4, 0.0, 0.0, off
2017-02-04 19:40:00, 0.6, 0.0, 0.0, off
2017-02-04 19:50:00, 0.6, 0.0, 0.0, off
2017-02-04 20:00:00, 0.4, 0.0, 0.0, off
2017-02-04 20:10:00, 0.6, 0.0, 0.0, off
2017-02-04 20:20:00, 0.4, 0.0, 0.0, off
2017-02-04 20:30:00, 0.4, 0.0, 0.0, off
2017-02-04 20:40:00, 0.6, 0.0, 0.0, off
2017-02-04 20:50:00, 0.4, 0.0, 0.0, off
2017-02-04 21:00:00, 0.5, 0.0, 0.0, off
2017-02-04 21:10:00, 0.3, 0.0, 0.0, off
2017-02-04 21:20:00, 0.5, 0.0, 0.0, off
2017-02-04 21:30:00, -0.1, 0.0, 0.0, off
2017-02-04 21:40:00, 0.1, 0.0, 0.0, off
2017-02-04 21:50:00, 0.1, 0.0, 0.0, off
2017-02-04 22:00:00, -0.5, 0.0, 0.0, off
2017-02-04 22:10:00, -0.6, 0.0, 0.0, off
2017-02-04 22:20:00, -0.8, 0.0, 0.0, off
2017-02-04 22:30:00, -0.7, 0.0, 0.0, off
2017-02-04 22:40:00, -1.0, 0.0, 0.0, off
2017-02-04 22:50:00, -1.9, 0.0, 0.0, off
2017-02-04 23:00:00, -2.2, 0.0, 0.0, off
2017-02-04 23:10:00, -1.7, 0.0, 0.0, off
2017-02-04 23:20:00, -1.4, 0.0, 0.0, off
2017-02-04 23:30:00, -1.2, 0.0, 0.0, off
2017-02-04 23:40:00, -1.8, 0.0, 0.0, off
2017-02-04 23:50:00, -2.4, 0.0, 0.0, off
2017-02-05 00:00:00, -1.8, 0.0, 0.0, off

----- day 7 -----
2017-02-05 00:10:00, -2.4, 0.0, 0.0, off
2017-02-05 00:20:00, -2.8, 0.0, 0.0, off
2017-02-05 00:30:00, -2.5, 0.0, 0.0, off
2017-02-05 00:40:00, -3.0, 0.0, 0.0, off
2017-02-05 00:50:00, -2.9, 0.0, 0.0, off
2017-02-05 01:00:00, -2.9, 0.0, 0.0, off
2017-02-05 01:10:00, -3.0, 0.0, 0.0, off
2017-02-05 01:20:00, -3.0, 0.0, 0.0, off
2017-02-05 01:30:00, -3.1, 0.0, 0.0, off
2017-02-05 01:40:00, -3.5, 0.0, 0.0, off
2017-02-05 01:50:00, -3.6, 0.0, 0.0, off
2017-02-05 02:00:00, -3.2, 0.0, 0.0, off
2017-02-05 02:10:00, -3.2, 0.0, 0.0, off
2017-02-05 02:20:00, -3.3, 0.0, 0.0, off
2017-02-05 02:30:00, -3.3, 0.0, 0.0, off
2017-02-05 02:40:00, -3.3, 0.0, 0.0, off
2017-02-05 02:50:00, -2.9, 0.0, 0.0, off
2017-02-05 03:00:00, -2.6, 0.0, 0.0, off
2017-02-05 03:10:00, -1.7, 0.0, 0.0, off
2017-02-05 03:20:00, -1.3, 0.0, 0.0, off
2017-02-05 03:30:00, -1.1, 0.0, 0.0, off
2017-02-05 03:40:00, -1.0, 0.0, 0.0, off
2017-02-05 03:50:00, -0.7, 0.0, 0.0, off
2017-02-05 04:00:00, -0.6, 0.0, 0.0, off
2017-02-05 04:10:00, -0.7, 0.0, 0.0, off
2017-02-05 04:20:00, -0.5, 0.0, 0.0, off
2017-02-05 04:30:00, -0.7, 0.0, 0.0, off
2017-02-05 04:40:00, -0.8, 0.0, 0.0, off
2017-02-05 04:50:00, -1.3, 0.0, 0.0, off
2017-02-05 05:00:00, -1.0, 0.0, 0.0, off
2017-02-05 05:10:00, -1.1, 0.0, 0.0, off
2017-02-05 05:20:00, -1.6, 0.0, 0.0, off
2017-02-05 05:30:00, -1.5, 0.0, 0.0, off
2017-02-05 05:40:00, -2.0, 0.0, 0.0, off
2017-02-05 05:50:00, -2.9, 0.0, 0.0, off
2017-02-05 06:00:00, -2.7, 0.0, 0.0, off
2017-02-05 06:10:00, -3.1, 0.0, 0.0, off
2017-02-05 06:20:00, -3.5, 0.0, 0.0, off
2017-02-05 06:30:00, -3.9, 0.0, 0.0, off
2017-02-05 06:40:00, -4.0, 0.0, 0.0, off
2017-02-05 06:50:00, -4.4, 0.0, 0.0, off
2017-02-05 07:00:00, -4.1, 0.0, 0.0, off
2017-02-05 07:10:00, -4.4, 0.0, 0.0, off
2017-02-05 07:20:00, -4.5, 0.0, 0.0, off
2017-02-05 07:30:00, -4.7, 0.0, 0.0, off
2017-02-05 07:40:00, -4.6, 0.0, 0.0, off
2017-02-05 07:50:00, -4.4, 0.0, 0.0, off
2017-02-05 08:00:00, -4.4, 0.0, 0.0, off
2017-02-05 08:10:00, -4.2, 0.0, 0.0, off
2017-02-05 08:20:00, -3.8, 0.0, 0.0, off
2017-02-05 08:30:00, -3.6, 0.0, 0.0, off
2017-02-05 08:40:00, -3.4, 0.0, 0.0, off
2017-02-05 08:50:00, -3.2, 0.0, 0.0, off
2017-02-05 09:00:00, -2.8, 0.0, 0.0, off
2017-02-05 09:10:00, -2.3, 0.0, 0.0, off
2017-02-05 09:20:00, -1.8, 0.0, 0.0, off
2017-02-05 09:30:00, -1.4, 0.0, 0.0, off
2017-02-05 09:40:00, -1.2, 0.0, 0.0, off
2017-02-05 09:50:00, -1.1, 0.0, 0.0, off
2017-02-05 10:00:00, -0.8, 0.0, 0.0, off
2017-02-05 10:10:00, -0.2, 0.0, 0.0, off
2017-02-05 10:20:00, 0.2, 0.0, 0.0, off
2017-02-05 10:30:00, 0.5, 0.0, 0.0, off
2017-02-05 10:40:00, 0.5, 0.0, 0.0, off
2017-02-05 10:50:00, 1.0, 0.0, 0.0, off
2017-02-05 11:00:00, 1.3, 0.0, 0.0, off
2017-02-05 11:10:00, 1.4, 0.0, 0.0, off
2017-02-05 11:20:00, 1.3, 0.0, 0.0, off
2017-02-05 11:30:00, 1.6, 0.0, 0.0, off
2017-02-05 11:40:00, 1.7, 0.0, 0.0, off
2017-02-05 11:50:00, 1.7, 0.0, 0.0, off
2017-02-05 12:00:00, 1.9, 0.0, 0.0, off
2017-02-05 12:10:00, 1.9, 0.0, 0.0, off
2017-02-05 12:20:00, 1.9, 0.0, 0.0, off
2017-02-05 12:30:00, 2.0, 0.0, 0.0, off
2017-02-05 12:40:00, 1.9, 0.0, 0.0, off
2017-02-05 12:50:00, 2.0, 0.0, 0.0, off
2017-02-05 13:00:00, 2.1, 0.0, 0.0, off
2017-02-05 13:10:00, 2.2, 0.0, 0.0, off
2017-02-05 13:20:00, 1.9, 0.0, 0.0, off
2017-02-05 13:30:00, 1.8, 0.0, 0.0, off
2017-02-05 13:40:00, 1.6, 0.0, 0.0, off
2017-02-05 13:50:00, 1.8, 0.0, 0.0, off
2017-02-05 14:00:00, 1.8, 0.0, 0.0, off
2017-02-05 14:10:00, 2.0, 0.0, 0.0, off
2017-02-05 14:20:00, 1.8, 0.0, 0.0, off
2017-02-05 14:30:00, 1.8, 0.0, 0.0, off
2017-02-05 14:40:00, 2.0, 0.0, 0.0, off
2017-02-05 14:50:00, 1.7, 0.0, 0.0, off
2017-02-05 15:00:00, 1.8, 0.0, 0.0, off
2017-02-05 15:10:00, 2.0, 0.0, 0.0, off
2017-02-05 15:20:00, 2.1, 0.0, 0.0, off
2017-02-05 15:30:00, 2.0, 0.0, 0.0, off
2017-02-05 15:40:00, 1.9, 0.0, 0.0, off
2017-02-05 15:50:00, 1.9, 0.0, 0.0, off
2017-02-05 16:00:00, 1.8, 0.0, 0.0, off
2017-02-05 16:10:00, 1.7, 0.0, 0.0, off
2017-02-05 16:20:00, 1.6, 0.0, 0.0, off
2017-02-05 16:30:00, 1.4, 0.0, 0.0, off
2017-02-05 16:40:00, 1.4, 0.0, 0.0, off
2017-02-05 16:50:00, 1.4, 0.0, 0.0, off
2017-02-05 17:00:00, 1.3, 0.0, 0.0, off
2017-02-05 17:10:00, 1.2, 0.0, 0.0, off
2017-02-05 17:20:00, 1.1, 0.0, 0.0, off
2017-02-05 17:30:00, 1.0, 0.0, 0.0, off
2017-02-05 17:40:00, 0.8, 0.0, 0.0, off
2017-02-05 17:50:00, 0.8, 0.0, 0.0, off
2017-02-05 18:00:00, 0.6, 0.0, 0.0, off
2017-02-05 18:10:00, 0.5, 0.0, 0.0, off
2017-02-05 18:20:00, 0.4, 0.0, 0.0, off
2017-02-05 18:30:00, 0.5, 0.0, 0.0, off
2017-02-05 18:40:00, 0.7, 0.0, 0.0, off
2017-02-05 18:50:00, 0.7, 0.0, 0.0, off
2017-02-05 19:00:00, 0.7, 0.0, 0.0, off
2017-02-05 19:10:00, 0.6, 0.0, 0.0, off
2017-02-05 19:20:00, 0.4, 0.0, 0.0, off
2017-02-05 19:30:00, 0.7, 0.0, 0.0, off
2017-02-05 19:40:00, 0.7, 0.0, 0.0, off
2017-02-05 19:50:00, 0.5, 0.0, 0.0, off
2017-02-05 20:00:00, 0.5, 0.0, 0.0, off
2017-02-05 20:10:00, 0.6, 0.0, 0.0, off
2017-02-05 20:20:00, 0.7, 0.0, 0.0, off
2017-02-05 20:30:00, 0.7, 0.0, 0.0, off
2017-02-05 20:40:00, 0.7, 0.0, 0.0, off
2017-02-05 20:50:00, 0.8, 0.0, 0.0, off
2017-02-05 21:00:00, 0.8, 0.0, 0.0, off
2017-02-05 21:10:00, 0.7, 0.0, 0.0, off
2017-02-05 21:20:00, 0.6, 0.0, 0.0, off
2017-02-05 21:30:00, 0.6, 0.0, 0.0, off
2017-02-05 21:40:00, 0.8, 0.0, 0.0, off
2017-02-05 21:50:00, 0.4, 0.0, 0.0, off
2017-02-05 22:00:00, 0.4, 0.0, 0.0, off
2017-02-05 22:10:00, 0.5, 0.0, 0.0, off
2017-02-05 22:20:00, 0.6, 0.0, 0.0, off
2017-02-05 22:30:00, 0.3, 0.0, 0.0, off
2017-02-05 22:40:00, 0.3, 0.0, 0.0, off
2017-02-05 22:50:00, 0.2, 0.0, 0.0, off
2017-02-05 23:00:00, 0.0, 0.0, 0.0, off
2017-02-05 23:10:00, -0.1, 0.0, 0.0, off
2017-02-05 23:20:00, -0.3, 0.0, 0.0, off
2017-02-05 23:30:00, -0.6, 0.0, 0.0, off
2017-02-05 23:40:00, -0.6, 0.0, 0.0, off
2017-02-05 23:50:00, -0.7, 0.0, 0.0, off
2017-02-06 00:00:00, -0.3, 0.0, 0.0, off

----- day 8 -----
2017-02-06 00:10:00, -0.7, 0.0, 0.0, off
2017-02-06 00:20:00, -0.6, 0.0, 0.0, off
2017-02-06 00:30:00, -1.1, 0.0, 0.0, off
2017-02-06 00:40:00, -1.1, 0.0, 0.0, off
2017-02-06 00:50:00, -1.8, 0.0, 0.0, off
2017-02-06 01:00:00, -2.5, 0.0, 0.0, off
2017-02-06 01:10:00, -2.7, 0.0, 0.0, off
2017-02-06 01:20:00, -3.0, 0.0, 0.0, off
2017-02-06 01:30:00, -3.0, 0.0, 0.0, off
2017-02-06 01:40:00, -2.9, 0.0, 0.0, off
2017-02-06 01:50:00, -2.9, 0.0, 0.0, off
2017-02-06 02:00:00, -3.1, 0.0, 0.0, off
2017-02-06 02:10:00, -3.3, 0.0, 0.0, off
2017-02-06 02:20:00, -3.1, 0.0, 0.0, off
2017-02-06 02:30:00, -3.0, 0.0, 0.0, off
2017-02-06 02:40:00, -3.0, 0.0, 0.0, off
2017-02-06 02:50:00, -3.1, 0.0, 0.0, off
2017-02-06 03:00:00, -3.0, 0.0, 0.0, off
2017-02-06 03:10:00, -3.0, 0.0, 0.0, off
2017-02-06 03:20:00, -3.0, 0.0, 0.0, off
2017-02-06 03:30:00, -3.0, 0.0, 0.0, off
2017-02-06 03:40:00, -2.8, 0.0, 0.0, off
2017-02-06 03:50:00, -2.8, 0.0, 0.0, off
2017-02-06 04:00:00, -2.9, 0.0, 0.0, off
2017-02-06 04:10:00, -2.9, 0.0, 0.0, off
2017-02-06 04:20:00, -3.0, 0.0, 0.0, off
2017-02-06 04:30:00, -3.4, 0.0, 0.0, off
2017-02-06 04:40:00, -3.4, 0.0, 0.0, off
2017-02-06 04:50:00, -3.3, 0.0, 0.0, off
2017-02-06 05:00:00, -3.0, 0.0, 0.0, off
2017-02-06 05:10:00, -3.0, 0.0, 0.0, off
2017-02-06 05:20:00, -2.9, 0.0, 0.0, off
2017-02-06 05:30:00, -2.8, 0.0, 0.0, off
2017-02-06 05:40:00, -2.9, 0.0, 0.0, off
2017-02-06 05:50:00, -2.6, 0.0, 0.0, off
2017-02-06 06:00:00, -2.7, 0.0, 0.0, off
2017-02-06 06:10:00, -2.5, 0.0, 0.0, off
2017-02-06 06:20:00, -2.5, 0.0, 0.0, off
2017-02-06 06:30:00, -2.4, 0.0, 0.0, off
2017-02-06 06:40:00, -2.3, 0.0, 0.0, off
2017-02-06 06:50:00, -2.0, 0.0, 0.0, off
2017-02-06 07:00:00, -2.0, 0.0, 0.0, off
2017-02-06 07:10:00, -2.0, 0.0, 0.0, off
2017-02-06 07:20:00, -2.0, 0.0, 0.0, off
2017-02-06 07:30:00, -1.9, 0.0, 0.0, off
2017-02-06 07:40:00, -1.8, 0.0, 0.0, off
2017-02-06 07:50:00, -1.7, 0.0, 0.0, off
2017-02-06 08:00:00, -1.7, 0.0, 0.0, off
2017-02-06 08:10:00, -1.5, 0.0, 0.0, off
2017-02-06 08:20:00, -1.4, 0.0, 0.0, off
2017-02-06 08:30:00, -1.5, 0.0, 0.0, off
2017-02-06 08:40:00, -1.4, 0.0, 0.0, off
2017-02-06 08:50:00, -1.3, 0.0, 0.0, off
2017-02-06 09:00:00, -1.1, 0.0, 0.0, off
2017-02-06 09:10:00, -0.9, 0.0, 0.0, off
2017-02-06 09:20:00, -0.9, 0.0, 0.0, off
2017-02-06 09:30:00, -0.7, 0.0, 0.0, off
2017-02-06 09:40:00, -0.6, 0.0, 0.0, off
2017-02-06 09:50:00, -0.3, 0.0, 0.0, off
2017-02-06 10:00:00, -0.3, 0.0, 0.0, off
2017-02-06 10:10:00, -0.2, 0.0, 0.0, off
2017-02-06 10:20:00, -0.1, 0.0, 0.0, off
2017-02-06 10:30:00, -0.1, 0.0, 0.0, off
2017-02-06 10:40:00, -0.1, 0.0, 0.0, off
2017-02-06 10:50:00, 0.1, 0.0, 0.0, off
2017-02-06 11:00:00, 0.1, 0.0, 0.0, off
2017-02-06 11:10:00, 0.5, 0.0, 0.0, off
2017-02-06 11:20:00, 0.8, 0.0, 0.0, off
2017-02-06 11:30:00, 1.0, 0.0, 0.0, off
2017-02-06 11:40:00, 1.2, 0.0, 0.0, off
2017-02-06 11:50:00, 1.3, 0.0, 0.0, off
2017-02-06 12:00:00, 1.7, 0.0, 0.0, off
2017-02-06 12:10:00, 1.9, 0.0, 0.0, off
2017-02-06 12:20:00, 2.0, 0.0, 0.0, off
2017-02-06 12:30:00, 2.0, 0.0, 0.0, off
2017-02-06 12:40:00, 2.1, 0.0, 0.0, off
2017-02-06 12:50:00, 2.2, 0.0, 0.0, off
2017-02-06 13:00:00, 2.2, 0.0, 0.0, off
2017-02-06 13:10:00, 2.1, 0.0, 0.0, off
2017-02-06 13:20:00, 2.0, 0.0, 0.0, off
2017-02-06 13:30:00, 1.7, 0.0, 0.0, off
2017-02-06 13:40:00, 1.7, 0.0, 0.0, off
2017-02-06 13:50:00, 1.7, 0.0, 0.0, off
2017-02-06 14:00:00, 1.7, 0.0, 0.0, off
2017-02-06 14:10:00, 1.6, 0.0, 0.0, off
2017-02-06 14:20:00, 1.5, 0.0, 0.0, off
2017-02-06 14:30:00, 1.6, 0.0, 0.0, off
2017-02-06 14:40:00, 1.6, 0.0, 0.0, off
2017-02-06 14:50:00, 1.6, 0.0, 0.0, off
2017-02-06 15:00:00, 1.5, 0.0, 0.0, off
2017-02-06 15:10:00, 1.5, 0.0, 0.0, off
2017-02-06 15:20:00, 1.4, 0.0, 0.0, off
2017-02-06 15:30:00, 1.4, 0.0, 0.0, off
2017-02-06 15:40:00, 1.3, 0.0, 0.0, off
2017-02-06 15:50:00, 1.3, 0.0, 0.0, off
2017-02-06 16:00:00, 1.3, 0.0, 0.0, off
2017-02-06 16:10:00, 1.2, 0.0, 0.0, off
2017-02-06 16:20:00, 1.1, 0.0, 0.0, off
2017-02-06 16:30:00, 1.1, 0.0, 0.0, off
2017-02-06 16:40:00, 0.9, 0.0, 0.0, off
2017-02-06 16:50:00, 0.9, 0.0, 0.0, off
2017-02-06 17:00:00, 0.9, 0.0, 0.0, off
2017-02-06 17:10:00, 0.9, 0.0, 0.0, off
2017-02-06 17:20:00, 0.8, 0.0, 0.0, off
2017-02-06 17:30:00, 0.8, 0.0, 0.0, off
2017-02-06 17:40:00, 0.9, 0.0, 0.0, off
2017-02-06 17:50:00, 0.7, 0.0, 0.0, off
2017-02-06 18:00:00, 0.8, 0.0, 0.0, off
2017-02-06 18:10:00, 0.7, 0.0, 0.0, off
2017-02-06 18:20:00, 0.5, 0.0, 0.0, off
2017-02-06 18:30:00, 0.6, 0.0, 0.0, off
2017-02-06 18:40:00, 0.5, 0.0, 0.0, off
2017-02-06 18:50:00, 0.1, 0.0, 0.0, off
2017-02-06 19:00:00, 0.0, 0.0, 0.0, off
2017-02-06 19:10:00, -0.2, 0.0, 0.0, off
2017-02-06 19:20:00, -0.1, 0.0, 0.0, off
2017-02-06 19:30:00, -0.1, 0.0, 0.0, off
2017-02-06 19:40:00, -0.3, 0.0, 0.0, off
2017-02-06 19:50:00, -0.3, 0.0, 0.0, off
2017-02-06 20:00:00, -0.5, 0.0, 0.0, off
2017-02-06 20:10:00, -0.6, 0.0, 0.0, off
2017-02-06 20:20:00, -0.5, 0.0, 0.0, off
2017-02-06 20:30:00, -0.6, 0.0, 0.0, off
2017-02-06 20:40:00, -0.7, 0.0, 0.0, off
2017-02-06 20:50:00, -0.8, 0.0, 0.0, off
2017-02-06 21:00:00, -0.9, 0.0, 0.0, off
2017-02-06 21:10:00, -1.0, 0.0, 0.0, off
2017-02-06 21:20:00, -1.1, 0.0, 0.0, off
2017-02-06 21:30:00, -1.1, 0.0, 0.0, off
2017-02-06 21:40:00, -1.2, 0.0, 0.0, off
2017-02-06 21:50:00, -1.3, 0.0, 0.0, off
2017-02-06 22:00:00, -1.3, 0.0, 0.0, off
2017-02-06 22:10:00, -1.4, 0.0, 0.0, off
2017-02-06 22:20:00, -1.6, 0.0, 0.0, off
2017-02-06 22:30:00, -1.6, 0.0, 0.0, off
2017-02-06 22:40:00, -1.6, 0.0, 0.0, off
2017-02-06 22:50:00, -1.6, 0.0, 0.0, off
2017-02-06 23:00:00, -1.6, 0.0, 0.0, off
2017-02-06 23:10:00, -1.8, 0.0, 0.0, off
2017-02-06 23:20:00, -1.8, 0.0, 0.0, off
2017-02-06 23:30:00, -2.0, 0.0, 0.0, off
2017-02-06 23:40:00, -2.1, 0.0, 0.0, off
2017-02-06 23:50:00, -2.2, 0.0, 0.0, off
2017-02-07 00:00:00, -2.3, 0.0, 0.0, off

----- day 9 -----
2017-02-07 00:10:00, -2.3, 0.0, 0.0, off
2017-02-07 00:20:00, -2.4, 0.0, 0.0, off
2017-02-07 00:30:00, -2.5, 0.0, 0.0, off
2017-02-07 00:40:00, -2.4, 0.0, 0.0, off
2017-02-07 00:50:00, -2.5, 0.0, 0.0, off
2017-02-07 01:00:00, -2.6, 0.0, 0.0, off
2017-02-07 01:10:00, -2.6, 0.0, 0.0, off
2017-02-07 01:20:00, -2.6, 0.0, 0.0, off
2017-02-07 01:30:00, -2.5, 0.0, 0.0, off
2017-02-07 01:40:00, -2.6, 0.0, 0.0, off
2017-02-07 01:50:00, -2.6, 0.0, 0.0, off
2017-02-07 02:00:00, -2.7, 0.0, 0.0, off
2017-02-07 02:10:00, -2.8, 0.0, 0.0, off
2017-02-07 02:20:00, -2.7, 0.0, 0.0, off
2017-02-07 02:30:00, -2.7, 0.0, 0.0, off
2017-02-07 02:40:00, -2.7, 0.0, 0.0, off
2017-02-07 02:50:00, -2.8, 0.0, 0.0, off
2017-02-07 03:00:00, -2.8, 0.0, 0.0, off
2017-02-07 03:10:00, -2.9, 0.0, 0.0, off
2017-02-07 03:20:00, -2.9, 0.0, 0.0, off
2017-02-07 03:30:00, -2.8, 0.0, 0.0, off
2017-02-07 03:40:00, -2.8, 0.0, 0.0, off
2017-02-07 03:50:00, -2.8, 0.0, 0.0, off
2017-02-07 04:00:00, -2.8, 0.0, 0.0, off
2017-02-07 04:10:00, -2.8, 0.0, 0.0, off
2017-02-07 04:20:00, -2.8, 0.0, 0.0, off
2017-02-07 04:30:00, -2.9, 0.0, 0.0, off
2017-02-07 04:40:00, -2.8, 0.0, 0.0, off
2017-02-07 04:50:00, -2.9, 0.0, 0.0, off
2017-02-07 05:00:00, -3.0, 0.0, 0.0, off
2017-02-07 05:10:00, -3.1, 0.0, 0.0, off
2017-02-07 05:20:00, -3.2, 0.0, 0.0, off
2017-02-07 05:30:00, -3.2, 0.0, 0.0, off
2017-02-07 05:40:00, -3.5, 0.0, 0.0, off
2017-02-07 05:50:00, -3.4, 0.0, 0.0, off
2017-02-07 06:00:00, -3.5, 0.0, 0.0, off
2017-02-07 06:10:00, -3.4, 0.0, 0.0, off
2017-02-07 06:20:00, -3.5, 0.0, 0.0, off
2017-02-07 06:30:00, -3.5, 0.0, 0.0, off
2017-02-07 06:40:00, -3.5, 0.0, 0.0, off
2017-02-07 06:50:00, -3.5, 0.0, 0.0, off
2017-02-07 07:00:00, -3.5, 0.0, 0.0, off
2017-02-07 07:10:00, -3.4, 0.0, 0.0, off
2017-02-07 07:20:00, -3.5, 0.0, 0.0, off
2017-02-07 07:30:00, -3.4, 0.0, 0.0, off
2017-02-07 07:40:00, -3.5, 0.0, 0.0, off
2017-02-07 07:50:00, -3.6, 0.0, 0.0, off
2017-02-07 08:00:00, -3.6, 0.011, 0.11, off
2017-02-07 08:10:00, -3.1, 0.011, 0.22, on
2017-02-07 08:20:00, -3.8, 0.011, 0.168476410658, on
2017-02-07 08:30:00, -3.5, 0.0, 0.00685334089012, on
2017-02-07 08:40:00, -3.8, 0.0, 0.0, off
2017-02-07 08:50:00, -3.9, 0.0, 0.0, off
2017-02-07 09:00:00, -3.8, 0.0, 0.0, off
2017-02-07 09:10:00, -3.5, 0.0, 0.0, off
2017-02-07 09:20:00, -3.4, 0.0, 0.0, off
2017-02-07 09:30:00, -3.4, 0.0, 0.0, off
2017-02-07 09:40:00, -3.0, 0.0, 0.0, off
2017-02-07 09:50:00, -2.8, 0.0, 0.0, off
2017-02-07 10:00:00, -2.4, 0.0, 0.0, off
2017-02-07 10:10:00, -2.3, 0.0, 0.0, off
2017-02-07 10:20:00, -3.1, 0.0, 0.0, off
2017-02-07 10:30:00, -2.7, 0.0, 0.0, off
2017-02-07 10:40:00, -2.3, 0.0, 0.0, off
2017-02-07 10:50:00, -2.6, 0.0, 0.0, off
2017-02-07 11:00:00, -2.8, 0.0, 0.0, off
2017-02-07 11:10:00, -2.5, 0.0, 0.0, off
2017-02-07 11:20:00, -2.2, 0.0, 0.0, off
2017-02-07 11:30:00, -2.3, 0.0, 0.0, off
2017-02-07 11:40:00, -2.2, 0.0, 0.0, off
2017-02-07 11:50:00, -2.1, 0.0, 0.0, off
2017-02-07 12:00:00, -2.0, 0.0, 0.0, off
2017-02-07 12:10:00, -2.3, 0.0, 0.0, off
2017-02-07 12:20:00, -2.9, 0.0, 0.0, off
2017-02-07 12:30:00, -2.3, 0.0, 0.0, off
2017-02-07 12:40:00, -2.5, 0.0, 0.0, off
2017-02-07 12:50:00, -2.3, 0.0, 0.0, off
2017-02-07 13:00:00, -2.9, 0.0, 0.0, off
2017-02-07 13:10:00, -2.8, 0.0, 0.0, off
2017-02-07 13:20:00, -2.8, 0.0, 0.0, off
2017-02-07 13:30:00, -2.3, 0.0, 0.0, off
2017-02-07 13:40:00, -2.6, 0.0, 0.0, off
2017-02-07 13:50:00, -2.6, 0.0, 0.0, off
2017-02-07 14:00:00, -2.6, 0.0, 0.0, off
2017-02-07 14:10:00, -2.6, 0.0, 0.0, off
2017-02-07 14:20:00, -3.2, 0.0, 0.0, off
2017-02-07 14:30:00, -3.2, 0.0, 0.0, off
2017-02-07 14:40:00, -3.2, 0.011, 0.0943671463901, off
2017-02-07 14:50:00, -2.9, 0.011, 0.198422835607, on
2017-02-07 15:00:00, -2.7, 0.0, 0.0881118195297, on
2017-02-07 15:10:00, -2.8, 0.0, 0.0, on
2017-02-07 15:20:00, -2.8, 0.0, 0.0, off
2017-02-07 15:30:00, -2.7, 0.0, 0.0, off
2017-02-07 15:40:00, -2.6, 0.0, 0.0, off
2017-02-07 15:50:00, -3.0, 0.0, 0.0, off
2017-02-07 16:00:00, -2.5, 0.0, 0.0, off
2017-02-07 16:10:00, -2.5, 0.0, 0.0, off
2017-02-07 16:20:00, -2.9, 0.0, 0.0, off
2017-02-07 16:30:00, -3.0, 0.0, 0.0, off
2017-02-07 16:40:00, -2.9, 0.0, 0.0, off
2017-02-07 16:50:00, -3.1, 0.0, 0.0, off
2017-02-07 17:00:00, -3.0, 0.0, 0.0, off
2017-02-07 17:10:00, -3.2, 0.0, 0.0, off
2017-02-07 17:20:00, -3.4, 0.0, 0.0, off
2017-02-07 17:30:00, -3.1, 0.0, 0.0, off
2017-02-07 17:40:00, -3.5, 0.0, 0.0, off
2017-02-07 17:50:00, -3.5, 0.0, 0.0, off
2017-02-07 18:00:00, -3.4, 0.0, 0.0, off
2017-02-07 18:10:00, -3.3, 0.0, 0.0, off
2017-02-07 18:20:00, -3.2, 0.0, 0.0, off
2017-02-07 18:30:00, -3.2, 0.0, 0.0, off
2017-02-07 18:40:00, -3.1, 0.0, 0.0, off
2017-02-07 18:50:00, -3.2, 0.0, 0.0, off
2017-02-07 19:00:00, -3.0, 0.0, 0.0, off
2017-02-07 19:10:00, -3.1, 0.0, 0.0, off
2017-02-07 19:20:00, -2.9, 0.0, 0.0, off
2017-02-07 19:30:00, -3.3, 0.0, 0.0, off
2017-02-07 19:40:00, -3.2, 0.0, 0.0, off
2017-02-07 19:50:00, -3.3, 0.0, 0.0, off
2017-02-07 20:00:00, -3.3, 0.0, 0.0, off
2017-02-07 20:10:00, -3.2, 0.0, 0.0, off
2017-02-07 20:20:00, -3.2, 0.0, 0.0, off
2017-02-07 20:30:00, -3.7, 0.0, 0.0, off
2017-02-07 20:40:00, -4.1, 0.011, 0.11, off
2017-02-07 20:50:00, -4.2, 0.011, 0.22, on
2017-02-07 21:00:00, -4.3, 0.011, 0.168663925584, on
2017-02-07 21:10:00, -4.4, 0.011, 0.117189400773, on
2017-02-07 21:20:00, -4.2, 0.0, 0.0, on
2017-02-07 21:30:00, -4.0, 0.0, 0.0, off
2017-02-07 21:40:00, -4.0, 0.0, 0.0, off
2017-02-07 21:50:00, -4.0, 0.0, 0.0, off
2017-02-07 22:00:00, -4.0, 0.011, 0.0126877914804, off
2017-02-07 22:10:00, -3.9, 0.011, 0.0866702911081, off
2017-02-07 22:20:00, -3.8, 0.011, 0.183551324777, on
2017-02-07 22:30:00, -3.9, 0.011, 0.18145535912, on
2017-02-07 22:40:00, -3.7, 0.0, 0.0323029145793, on
2017-02-07 22:50:00, -3.6, 0.0, 0.0, off
2017-02-07 23:00:00, -3.4, 0.0, 0.0, off
2017-02-07 23:10:00, -3.5, 0.0, 0.0, off
2017-02-07 23:20:00, -3.8, 0.011, 0.0705294786697, off
2017-02-07 23:30:00, -3.8, 0.011, 0.166125261164, on
2017-02-07 23:40:00, -3.6, 0.011, 0.163572839807, on
2017-02-07 23:50:00, -3.4, 0.011, 0.124281448674, on
2017-02-08 00:00:00, -3.5, 0.011, 0.0726854442711, on

----- day 10 -----
2017-02-08 00:10:00, -3.7, 0.0, 0.0, on
2017-02-08 00:20:00, -3.5, 0.009, 0.0, off
2017-02-08 00:30:00, -3.5, 0.009, 0.0311883102399, off
2017-02-08 00:40:00, -3.8, 0.009, 0.0994890992724, off
2017-02-08 00:50:00, -3.9, 0.009, 0.181747347059, on
2017-02-08 01:00:00, -3.8, 0.009, 0.161688876276, on
2017-02-08 01:10:00, -3.5, 0.009, 0.103327114888, on
2017-02-08 01:20:00, -3.5, 0.009, 0.0317274608271, on
2017-02-08 01:30:00, -3.1, 0.009, 0.0, off
2017-02-08 01:40:00, -2.9, 0.0, 0.0, off
2017-02-08 01:50:00, -2.9, 0.009, 0.0420559478902, off
2017-02-08 02:00:00, -2.6, 0.0, 0.0244849127595, off
2017-02-08 02:10:00, -2.5, 0.0, 0.018372664819, off
2017-02-08 02:20:00, -2.3, 0.0, 0.0165173250011, off
2017-02-08 02:30:00, -2.4, 0.0, 0.0162973772648, off
2017-02-08 02:40:00, -3.1, 0.009, 0.106297377265, off
2017-02-08 02:50:00, -3.3, 0.009, 0.196297377265, on
2017-02-08 03:00:00, -3.3, 0.009, 0.179326596422, on
2017-02-08 03:10:00, -3.2, 0.009, 0.122115467481, on
2017-02-08 03:20:00, -2.8, 0.009, 0.0504767794684, on
2017-02-08 03:30:00, -3.0, 0.0, 0.0, on
2017-02-08 03:40:00, -3.0, 0.0, 0.0, off
2017-02-08 03:50:00, -2.5, 0.009, 0.0, off
2017-02-08 04:00:00, -2.2, 0.009, 0.0385256967664, off
2017-02-08 04:10:00, -2.2, 0.0, 0.0194358361071, off
2017-02-08 04:20:00, -2.2, 0.0, 0.0127382259778, off
2017-02-08 04:30:00, -2.1, 0.0, 0.0106513335342, off
2017-02-08 04:40:00, -2.3, 0.0, 0.0103037143206, off
2017-02-08 04:50:00, -1.9, 0.0, 0.0103037143206, off
2017-02-08 05:00:00, -1.9, 0.0, 0.0103037143206, off
2017-02-08 05:10:00, -1.9, 0.0, 0.0103037143206, off
2017-02-08 05:20:00, -1.9, 0.0, 0.0103037143206, off
2017-02-08 05:30:00, -1.9, 0.0, 0.0103037143206, off
2017-02-08 05:40:00, -1.9, 0.0, 0.0103037143206, off
2017-02-08 05:50:00, -1.9, 0.0, 0.0103037143206, off
2017-02-08 06:00:00, -1.9, 0.0, 0.0103037143206, off
2017-02-08 06:10:00, -1.9, 0.0, 0.0103037143206, off
2017-02-08 06:20:00, -2.3, 0.009, 0.100303714321, off
2017-02-08 06:30:00, -2.0, 0.009, 0.190303714321, on
2017-02-08 06:40:00, -2.0, 0.009, 0.173294515348, on
2017-02-08 06:50:00, -2.4, 0.009, 0.116089574931, on
2017-02-08 07:00:00, -2.7, 0.009, 0.0444932490068, on
2017-02-08 07:10:00, -2.7, 0.009, 0.0, off
2017-02-08 07:20:00, -2.4, 0.009, 0.0309002693804, off
2017-02-08 07:30:00, -2.3, 0.0, 0.00903401333208, off
2017-02-08 07:40:00, -2.2, 0.0, 0.00134851103105, off
2017-02-08 07:50:00, -2.5, 0.0, 0.0, off
2017-02-08 08:00:00, -2.6, 0.0, 0.0, off
2017-02-08 08:10:00, -2.4, 0.0, 0.0, off
2017-02-08 08:20:00, -2.3, 0.0, 0.0, off
2017-02-08 08:30:00, -2.1, 0.0, 0.0, off
2017-02-08 08:40:00, -2.1, 0.0, 0.0, off
2017-02-08 08:50:00, -2.0, 0.0, 0.0, off
2017-02-08 09:00:00, -1.9, 0.0, 0.0, off
2017-02-08 09:10:00, -2.0, 0.0, 0.0, off
2017-02-08 09:20:00, -2.0, 0.0, 0.0, off
2017-02-08 09:30:00, -2.0, 0.0, 0.0, off
2017-02-08 09:40:00, -1.7, 0.0, 0.0, off
2017-02-08 09:50:00, -1.6, 0.0, 0.0, off
2017-02-08 10:00:00, -1.3, 0.0, 0.0, off
2017-02-08 10:10:00, -1.2, 0.0, 0.0, off
2017-02-08 10:20:00, -1.3, 0.0, 0.0, off
2017-02-08 10:30:00, -1.4, 0.0, 0.0, off
2017-02-08 10:40:00, -1.2, 0.0, 0.0, off
2017-02-08 10:50:00, -1.4, 0.0, 0.0, off
2017-02-08 11:00:00, -1.0, 0.0, 0.0, off
2017-02-08 11:10:00, -0.9, 0.0, 0.0, off
2017-02-08 11:20:00, -1.0, 0.0, 0.0, off
2017-02-08 11:30:00, -0.9, 0.0, 0.0, off
2017-02-08 11:40:00, -0.9, 0.0, 0.0, off
2017-02-08 11:50:00, -0.7, 0.0, 0.0, off
2017-02-08 12:00:00, -0.9, 0.0, 0.0, off
2017-02-08 12:10:00, -0.9, 0.0, 0.0, off
2017-02-08 12:20:00, -0.8, 0.0, 0.0, off
2017-02-08 12:30:00, -0.7, 0.0, 0.0, off
2017-02-08 12:40:00, -0.6, 0.0, 0.0, off
2017-02-08 12:50:00, -0.3, 0.0, 0.0, off
2017-02-08 13:00:00, -0.3, 0.0, 0.0, off
2017-02-08 13:10:00, -0.4, 0.0, 0.0, off
2017-02-08 13:20:00, -0.3, 0.0, 0.0, off
2017-02-08 13:30:00, -0.2, 0.0, 0.0, off
2017-02-08 13:40:00, -0.3, 0.0, 0.0, off
2017-02-08 13:50:00, -0.3, 0.0, 0.0, off
2017-02-08 14:00:00, -0.3, 0.0, 0.0, off
2017-02-08 14:10:00, -0.1, 0.0, 0.0, off
2017-02-08 14:20:00, 0.0, 0.0, 0.0, off
2017-02-08 14:30:00, 0.0, 0.0, 0.0, off
2017-02-08 14:40:00, 0.1, 0.0, 0.0, off
2017-02-08 14:50:00, 0.2, 0.0, 0.0, off
2017-02-08 15:00:00, 0.2, 0.0, 0.0, off
2017-02-08 15:10:00, 0.2, 0.0, 0.0, off
2017-02-08 15:20:00, 0.1, 0.0, 0.0, off
2017-02-08 15:30:00, 0.1, 0.0, 0.0, off
2017-02-08 15:40:00, 0.0, 0.0, 0.0, off
2017-02-08 15:50:00, 0.1, 0.0, 0.0, off
2017-02-08 16:00:00, 0.0, 0.0, 0.0, off
2017-02-08 16:10:00, 0.0, 0.0, 0.0, off
2017-02-08 16:20:00, 0.0, 0.0, 0.0, off
2017-02-08 16:30:00, 0.0, 0.0, 0.0, off
2017-02-08 16:40:00, -0.2, 0.0, 0.0, off
2017-02-08 16:50:00, -0.2, 0.0, 0.0, off
2017-02-08 17:00:00, -0.3, 0.0, 0.0, off
2017-02-08 17:10:00, -0.3, 0.0, 0.0, off
2017-02-08 17:20:00, -0.2, 0.0, 0.0, off
2017-02-08 17:30:00, -0.3, 0.0, 0.0, off
2017-02-08 17:40:00, -0.3, 0.0, 0.0, off
2017-02-08 17:50:00, -0.4, 0.0, 0.0, off
2017-02-08 18:00:00, -0.4, 0.0, 0.0, off
2017-02-08 18:10:00, -0.5, 0.0, 0.0, off
2017-02-08 18:20:00, -0.4, 0.0, 0.0, off
2017-02-08 18:30:00, -0.4, 0.0, 0.0, off
2017-02-08 18:40:00, -0.4, 0.0, 0.0, off
2017-02-08 18:50:00, -0.6, 0.0, 0.0, off
2017-02-08 19:00:00, -0.4, 0.0, 0.0, off
2017-02-08 19:10:00, -0.4, 0.0, 0.0, off
2017-02-08 19:20:00, -0.4, 0.0, 0.0, off
2017-02-08 19:30:00, -0.3, 0.0, 0.0, off
2017-02-08 19:40:00, -0.4, 0.0, 0.0, off
2017-02-08 19:50:00, -0.3, 0.0, 0.0, off
2017-02-08 20:00:00, -0.4, 0.0, 0.0, off
2017-02-08 20:10:00, -0.5, 0.0, 0.0, off
2017-02-08 20:20:00, -0.5, 0.0, 0.0, off
2017-02-08 20:30:00, -0.6, 0.0, 0.0, off
2017-02-08 20:40:00, -0.6, 0.0, 0.0, off
2017-02-08 20:50:00, -0.5, 0.0, 0.0, off
2017-02-08 21:00:00, -0.7, 0.0, 0.0, off
2017-02-08 21:10:00, -0.6, 0.0, 0.0, off
2017-02-08 21:20:00, -0.5, 0.0, 0.0, off
2017-02-08 21:30:00, -0.4, 0.0, 0.0, off
2017-02-08 21:40:00, -0.3, 0.0, 0.0, off
2017-02-08 21:50:00, -0.5, 0.0, 0.0, off
2017-02-08 22:00:00, -0.4, 0.0, 0.0, off
2017-02-08 22:10:00, -0.4, 0.0, 0.0, off
2017-02-08 22:20:00, -0.5, 0.0, 0.0, off
2017-02-08 22:30:00, -0.4, 0.0, 0.0, off
2017-02-08 22:40:00, -0.4, 0.0, 0.0, off
2017-02-08 22:50:00, -0.3, 0.0, 0.0, off
2017-02-08 23:00:00, -0.5, 0.0, 0.0, off
2017-02-08 23:10:00, -0.4, 0.0, 0.0, off
2017-02-08 23:20:00, -0.4, 0.0, 0.0, off
2017-02-08 23:30:00, -0.5, 0.0, 0.0, off
2017-02-08 23:40:00, -0.6, 0.0, 0.0, off
2017-02-08 23:50:00, -0.4, 0.0, 0.0, off
2017-02-09 00:00:00, -0.4, 0.0, 0.0, off

----- day 11 -----
2017-02-09 00:10:00, -0.6, 0.0, 0.0, off
2017-02-09 00:20:00, -0.6, 0.0, 0.0, off
2017-02-09 00:30:00, -0.7, 0.0, 0.0, off
2017-02-09 00:40:00, -0.3, 0.0, 0.0, off
2017-02-09 00:50:00, -0.9, 0.0, 0.0, off
2017-02-09 01:00:00, -0.3, 0.0, 0.0, off
2017-02-09 01:10:00, -0.9, 0.0, 0.0, off
2017-02-09 01:20:00, -0.8, 0.0, 0.0, off
2017-02-09 01:30:00, -0.9, 0.0, 0.0, off
2017-02-09 01:40:00, -1.1, 0.0, 0.0, off
2017-02-09 01:50:00, -1.2, 0.0, 0.0, off
2017-02-09 02:00:00, -1.4, 0.0, 0.0, off
2017-02-09 02:10:00, -0.9, 0.0, 0.0, off
2017-02-09 02:20:00, -1.2, 0.0, 0.0, off
2017-02-09 02:30:00, -1.0, 0.0, 0.0, off
2017-02-09 02:40:00, -1.2, 0.0, 0.0, off
2017-02-09 02:50:00, -1.3, 0.0, 0.0, off
2017-02-09 03:00:00, -1.7, 0.0, 0.0, off
2017-02-09 03:10:00, -2.0, 0.0, 0.0, off
2017-02-09 03:20:00, -2.3, 0.0, 0.0, off
2017-02-09 03:30:00, -2.4, 0.0, 0.0, off
2017-02-09 03:40:00, -2.4, 0.0, 0.0, off
2017-02-09 03:50:00, -2.9, 0.0, 0.0, off
2017-02-09 04:00:00, -3.0, 0.0, 0.0, off
2017-02-09 04:10:00, -3.0, 0.0, 0.0, off
2017-02-09 04:20:00, -3.3, 0.0, 0.0, off
2017-02-09 04:30:00, -3.3, 0.0, 0.0, off
2017-02-09 04:40:00, -3.3, 0.0, 0.0, off
2017-02-09 04:50:00, -3.6, 0.0, 0.0, off
2017-02-09 05:00:00, -4.1, 0.0, 0.0, off
2017-02-09 05:10:00, -4.1, 0.0, 0.0, off
2017-02-09 05:20:00, -4.6, 0.0, 0.0, off
2017-02-09 05:30:00, -4.5, 0.0, 0.0, off
2017-02-09 05:40:00, -4.7, 0.0, 0.0, off
2017-02-09 05:50:00, -4.7, 0.0, 0.0, off
2017-02-09 06:00:00, -4.9, 0.0, 0.0, off
2017-02-09 06:10:00, -5.0, 0.0, 0.0, off
2017-02-09 06:20:00, -5.1, 0.0, 0.0, off
2017-02-09 06:30:00, -5.1, 0.0, 0.0, off
2017-02-09 06:40:00, -5.6, 0.0, 0.0, off
2017-02-09 06:50:00, -5.1, 0.0, 0.0, off
2017-02-09 07:00:00, -5.3, 0.0, 0.0, off
2017-02-09 07:10:00, -4.9, 0.0, 0.0, off
2017-02-09 07:20:00, -4.9, 0.0, 0.0, off
2017-02-09 07:30:00, -5.0, 0.0, 0.0, off
2017-02-09 07:40:00, -4.7, 0.0, 0.0, off
2017-02-09 07:50:00, -4.6, 0.0, 0.0, off
2017-02-09 08:00:00, -4.5, 0.0, 0.0, off
2017-02-09 08:10:00, -3.8, 0.0, 0.0, off
2017-02-09 08:20:00, -3.3, 0.0, 0.0, off
2017-02-09 08:30:00, -3.3, 0.0, 0.0, off
2017-02-09 08:40:00, -3.1, 0.0, 0.0, off
2017-02-09 08:50:00, -3.0, 0.0, 0.0, off
2017-02-09 09:00:00, -2.5, 0.0, 0.0, off
2017-02-09 09:10:00, -2.2, 0.0, 0.0, off
2017-02-09 09:20:00, -2.0, 0.0, 0.0, off
2017-02-09 09:30:00, -1.0, 0.0, 0.0, off
2017-02-09 09:40:00, -0.6, 0.0, 0.0, off
2017-02-09 09:50:00, -0.2, 0.0, 0.0, off
2017-02-09 10:00:00, -0.1, 0.0, 0.0, off
2017-02-09 10:10:00, 0.0, 0.0, 0.0, off
2017-02-09 10:20:00, 0.1, 0.0, 0.0, off
2017-02-09 10:30:00, 0.4, 0.0, 0.0, off
2017-02-09 10:40:00, 0.3, 0.0, 0.0, off
2017-02-09 10:50:00, 0.8, 0.0, 0.0, off
2017-02-09 11:00:00, 1.0, 0.0, 0.0, off
2017-02-09 11:10:00, 1.2, 0.0, 0.0, off
2017-02-09 11:20:00, 1.7, 0.0, 0.0, off
2017-02-09 11:30:00, 1.7, 0.0, 0.0, off
2017-02-09 11:40:00, 2.1, 0.0, 0.0, off
2017-02-09 11:50:00, 2.0, 0.0, 0.0, off
2017-02-09 12:00:00, 1.9, 0.0, 0.0, off
2017-02-09 12:10:00, 2.3, 0.0, 0.0, off
2017-02-09 12:20:00, 2.4, 0.0, 0.0, off
2017-02-09 12:30:00, 2.2, 0.0, 0.0, off
2017-02-09 12:40:00, 2.2, 0.0, 0.0, off
2017-02-09 12:50:00, 2.3, 0.0, 0.0, off
2017-02-09 13:00:00, 2.6, 0.0, 0.0, off
2017-02-09 13:10:00, 2.3, 0.0, 0.0, off
2017-02-09 13:20:00, 2.3, 0.0, 0.0, off
2017-02-09 13:30:00, 2.4, 0.0, 0.0, off
2017-02-09 13:40:00, 2.2, 0.0, 0.0, off
2017-02-09 13:50:00, 2.1, 0.0, 0.0, off
2017-02-09 14:00:00, 2.1, 0.0, 0.0, off
2017-02-09 14:10:00, 2.2, 0.0, 0.0, off
2017-02-09 14:20:00, 2.6, 0.0, 0.0, off
2017-02-09 14:30:00, 2.3, 0.0, 0.0, off
2017-02-09 14:40:00, 2.2, 0.0, 0.0, off
2017-02-09 14:50:00, 2.1, 0.0, 0.0, off
2017-02-09 15:00:00, 2.0, 0.0, 0.0, off
2017-02-09 15:10:00, 2.0, 0.0, 0.0, off
2017-02-09 15:20:00, 2.2, 0.0, 0.0, off
2017-02-09 15:30:00, 2.1, 0.0, 0.0, off
2017-02-09 15:40:00, 2.1, 0.0, 0.0, off
2017-02-09 15:50:00, 2.0, 0.0, 0.0, off
2017-02-09 16:00:00, 1.7, 0.0, 0.0, off
2017-02-09 16:10:00, 1.4, 0.0, 0.0, off
2017-02-09 16:20:00, 1.5, 0.0, 0.0, off
2017-02-09 16:30:00, 1.5, 0.0, 0.0, off
2017-02-09 16:40:00, 1.4, 0.0, 0.0, off
2017-02-09 16:50:00, 1.1, 0.0, 0.0, off
2017-02-09 17:00:00, 1.1, 0.0, 0.0, off
2017-02-09 17:10:00, 1.0, 0.0, 0.0, off
2017-02-09 17:20:00, 0.8, 0.0, 0.0, off
2017-02-09 17:30:00, 0.8, 0.0, 0.0, off
2017-02-09 17:40:00, 0.7, 0.0, 0.0, off
2017-02-09 17:50:00, 0.2, 0.0, 0.0, off
2017-02-09 18:00:00, 0.4, 0.0, 0.0, off
2017-02-09 18:10:00, 0.2, 0.0, 0.0, off
2017-02-09 18:20:00, 0.4, 0.0, 0.0, off
2017-02-09 18:30:00, 0.4, 0.0, 0.0, off
2017-02-09 18:40:00, 0.2, 0.0, 0.0, off
2017-02-09 18:50:00, 0.3, 0.0, 0.0, off
2017-02-09 19:00:00, -0.2, 0.0, 0.0, off
2017-02-09 19:10:00, 0.0, 0.0, 0.0, off
2017-02-09 19:20:00, -0.5, 0.0, 0.0, off
2017-02-09 19:30:00, -0.6, 0.0, 0.0, off
2017-02-09 19:40:00, -1.2, 0.0, 0.0, off
2017-02-09 19:50:00, -0.7, 0.0, 0.0, off
2017-02-09 20:00:00, -1.0, 0.0, 0.0, off
2017-02-09 20:10:00, -1.4, 0.0, 0.0, off
2017-02-09 20:20:00, -0.8, 0.0, 0.0, off
2017-02-09 20:30:00, -1.0, 0.0, 0.0, off
2017-02-09 20:40:00, -1.0, 0.0, 0.0, off
2017-02-09 20:50:00, -1.0, 0.0, 0.0, off
2017-02-09 21:00:00, -0.8, 0.0, 0.0, off
2017-02-09 21:10:00, -1.1, 0.0, 0.0, off
2017-02-09 21:20:00, -1.0, 0.0, 0.0, off
2017-02-09 21:30:00, -1.0, 0.0, 0.0, off
2017-02-09 21:40:00, -1.1, 0.0, 0.0, off
2017-02-09 21:50:00, -1.2, 0.0, 0.0, off
2017-02-09 22:00:00, -1.2, 0.0, 0.0, off
2017-02-09 22:10:00, -1.4, 0.0, 0.0, off
2017-02-09 22:20:00, -1.8, 0.0, 0.0, off
2017-02-09 22:30:00, -1.8, 0.0, 0.0, off
2017-02-09 22:40:00, -2.0, 0.0, 0.0, off
2017-02-09 22:50:00, -2.0, 0.0, 0.0, off
2017-02-09 23:00:00, -2.0, 0.0, 0.0, off
2017-02-09 23:10:00, -1.8, 0.0, 0.0, off
2017-02-09 23:20:00, -2.3, 0.0, 0.0, off
2017-02-09 23:30:00, -2.3, 0.0, 0.0, off
2017-02-09 23:40:00, -2.2, 0.0, 0.0, off
2017-02-09 23:50:00, -2.5, 0.0, 0.0, off
2017-02-10 00:00:00, -2.5, 0.0, 0.0, off

----- day 12 -----
2017-02-10 00:10:00, -2.4, 0.0, 0.0, off
2017-02-10 00:20:00, -2.5, 0.0, 0.0, off
2017-02-10 00:30:00, -2.4, 0.0, 0.0, off
2017-02-10 00:40:00, -2.6, 0.0, 0.0, off
2017-02-10 00:50:00, -2.8, 0.0, 0.0, off
2017-02-10 01:00:00, -2.7, 0.0, 0.0, off
2017-02-10 01:10:00, -3.0, 0.0, 0.0, off
2017-02-10 01:20:00, -3.0, 0.0, 0.0, off
2017-02-10 01:30:00, -3.1, 0.0, 0.0, off
2017-02-10 01:40:00, -2.8, 0.0, 0.0, off
2017-02-10 01:50:00, -2.8, 0.0, 0.0, off
2017-02-10 02:00:00, -2.7, 0.0, 0.0, off
2017-02-10 02:10:00, -3.0, 0.0, 0.0, off
2017-02-10 02:20:00, -2.9, 0.0, 0.0, off
2017-02-10 02:30:00, -2.9, 0.0, 0.0, off
2017-02-10 02:40:00, -2.9, 0.0, 0.0, off
2017-02-10 02:50:00, -3.1, 0.0, 0.0, off
2017-02-10 03:00:00, -3.1, 0.0, 0.0, off
2017-02-10 03:10:00, -2.9, 0.0, 0.0, off
2017-02-10 03:20:00, -2.8, 0.0, 0.0, off
2017-02-10 03:30:00, -2.7, 0.0, 0.0, off
2017-02-10 03:40:00, -2.7, 0.0, 0.0, off
2017-02-10 03:50:00, -3.3, 0.0, 0.0, off
2017-02-10 04:00:00, -3.6, 0.0, 0.0, off
2017-02-10 04:10:00, -3.5, 0.0, 0.0, off
2017-02-10 04:20:00, -3.3, 0.0, 0.0, off
2017-02-10 04:30:00, -3.2, 0.0, 0.0, off
2017-02-10 04:40:00, -3.2, 0.0, 0.0, off
2017-02-10 04:50:00, -3.1, 0.0, 0.0, off
2017-02-10 05:00:00, -3.3, 0.0, 0.0, off
2017-02-10 05:10:00, -3.2, 0.0, 0.0, off
2017-02-10 05:20:00, -3.2, 0.0, 0.0, off
2017-02-10 05:30:00, -3.3, 0.0, 0.0, off
2017-02-10 05:40:00, -3.3, 0.0, 0.0, off
2017-02-10 05:50:00, -3.4, 0.0, 0.0, off
2017-02-10 06:00:00, -3.2, 0.0, 0.0, off
2017-02-10 06:10:00, -3.2, 0.0, 0.0, off
2017-02-10 06:20:00, -3.3, 0.0, 0.0, off
2017-02-10 06:30:00, -3.1, 0.0, 0.0, off
2017-02-10 06:40:00, -3.1, 0.0, 0.0, off
2017-02-10 06:50:00, -3.3, 0.0, 0.0, off
2017-02-10 07:00:00, -3.0, 0.0, 0.0, off
2017-02-10 07:10:00, -2.6, 0.0, 0.0, off
2017-02-10 07:20:00, -3.0, 0.0, 0.0, off
2017-02-10 07:30:00, -3.3, 0.0, 0.0, off
2017-02-10 07:40:00, -3.3, 0.0, 0.0, off
2017-02-10 07:50:00, -3.2, 0.0, 0.0, off
2017-02-10 08:00:00, -3.0, 0.0, 0.0, off
2017-02-10 08:10:00, -2.8, 0.0, 0.0, off
2017-02-10 08:20:00, -2.8, 0.0, 0.0, off
2017-02-10 08:30:00, -2.5, 0.0, 0.0, off
2017-02-10 08:40:00, -2.6, 0.0, 0.0, off
2017-02-10 08:50:00, -2.6, 0.0, 0.0, off
2017-02-10 09:00:00, -2.9, 0.0, 0.0, off
2017-02-10 09:10:00, -2.9, 0.0, 0.0, off
2017-02-10 09:20:00, -2.7, 0.0, 0.0, off
2017-02-10 09:30:00, -2.4, 0.0, 0.0, off
2017-02-10 09:40:00, -2.4, 0.0, 0.0, off
2017-02-10 09:50:00, -2.1, 0.0, 0.0, off
2017-02-10 10:00:00, -1.9, 0.0, 0.0, off
2017-02-10 10:10:00, -1.9, 0.0, 0.0, off
2017-02-10 10:20:00, -1.8, 0.0, 0.0, off
2017-02-10 10:30:00, -1.5, 0.0, 0.0, off
2017-02-10 10:40:00, -1.3, 0.0, 0.0, off
2017-02-10 10:50:00, -1.1, 0.0, 0.0, off
2017-02-10 11:00:00, -1.1, 0.0, 0.0, off
2017-02-10 11:10:00, -0.7, 0.0, 0.0, off
2017-02-10 11:20:00, -0.2, 0.0, 0.0, off
2017-02-10 11:30:00, 0.3, 0.0, 0.0, off
2017-02-10 11:40:00, 0.7, 0.0, 0.0, off
2017-02-10 11:50:00, 0.7, 0.0, 0.0, off
2017-02-10 12:00:00, 0.8, 0.0, 0.0, off
2017-02-10 12:10:00, 0.8, 0.0, 0.0, off
2017-02-10 12:20:00, 0.8, 0.0, 0.0, off
2017-02-10 12:30:00, 1.0, 0.0, 0.0, off
2017-02-10 12:40:00, 0.9, 0.0, 0.0, off
2017-02-10 12:50:00, 1.1, 0.0, 0.0, off
2017-02-10 13:00:00, 1.0, 0.0, 0.0, off
2017-02-10 13:10:00, 0.9, 0.0, 0.0, off
2017-02-10 13:20:00, 0.5, 0.0, 0.0, off
2017-02-10 13:30:00, 0.4, 0.0, 0.0, off
2017-02-10 13:40:00, 0.2, 0.0, 0.0, off
2017-02-10 13:50:00, 0.2, 0.0, 0.0, off
2017-02-10 14:00:00, 0.8, 0.0, 0.0, off
2017-02-10 14:10:00, 0.8, 0.0, 0.0, off
2017-02-10 14:20:00, 1.2, 0.0, 0.0, off
2017-02-10 14:30:00, 1.1, 0.0, 0.0, off
2017-02-10 14:40:00, 0.9, 0.0, 0.0, off
2017-02-10 14:50:00, 0.9, 0.0, 0.0, off
2017-02-10 15:00:00, 0.7, 0.0, 0.0, off
2017-02-10 15:10:00, 0.7, 0.0, 0.0, off
2017-02-10 15:20:00, 0.6, 0.0, 0.0, off
2017-02-10 15:30:00, 0.6, 0.0, 0.0, off
2017-02-10 15:40:00, 0.6, 0.0, 0.0, off
2017-02-10 15:50:00, 0.6, 0.0, 0.0, off
2017-02-10 16:00:00, 0.6, 0.0, 0.0, off
2017-02-10 16:10:00, 0.5, 0.0, 0.0, off
2017-02-10 16:20:00, 0.5, 0.0, 0.0, off
2017-02-10 16:30:00, 0.4, 0.0, 0.0, off
2017-02-10 16:40:00, 0.3, 0.0, 0.0, off
2017-02-10 16:50:00, 0.2, 0.0, 0.0, off
2017-02-10 17:00:00, 0.2, 0.0, 0.0, off
2017-02-10 17:10:00, 0.2, 0.0, 0.0, off
2017-02-10 17:20:00, 0.0, 0.0, 0.0, off
2017-02-10 17:30:00, -0.1, 0.0, 0.0, off
2017-02-10 17:40:00, 0.0, 0.0, 0.0, off
2017-02-10 17:50:00, -0.2, 0.0, 0.0, off
2017-02-10 18:00:00, -0.2, 0.0, 0.0, off
2017-02-10 18:10:00, -0.2, 0.0, 0.0, off
2017-02-10 18:20:00, -0.3, 0.0, 0.0, off
2017-02-10 18:30:00, -0.2, 0.0, 0.0, off
2017-02-10 18:40:00, -0.2, 0.0, 0.0, off
2017-02-10 18:50:00, -0.1, 0.0, 0.0, off
2017-02-10 19:00:00, -0.3, 0.0, 0.0, off
2017-02-10 19:10:00, -0.2, 0.0, 0.0, off
2017-02-10 19:20:00, -0.2, 0.0, 0.0, off
2017-02-10 19:30:00, -0.5, 0.0, 0.0, off
2017-02-10 19:40:00, -0.4, 0.0, 0.0, off
2017-02-10 19:50:00, -0.3, 0.0, 0.0, off
2017-02-10 20:00:00, -0.8, 0.0, 0.0, off
2017-02-10 20:10:00, -0.4, 0.0, 0.0, off
2017-02-10 20:20:00, -0.9, 0.0, 0.0, off
2017-02-10 20:30:00, -1.2, 0.0, 0.0, off
2017-02-10 20:40:00, -1.2, 0.0, 0.0, off
2017-02-10 20:50:00, -0.9, 0.0, 0.0, off
2017-02-10 21:00:00, -1.2, 0.0, 0.0, off
2017-02-10 21:10:00, -1.3, 0.0, 0.0, off
2017-02-10 21:20:00, -1.5, 0.0, 0.0, off
2017-02-10 21:30:00, -1.7, 0.0, 0.0, off
2017-02-10 21:40:00, -1.5, 0.0, 0.0, off
2017-02-10 21:50:00, -1.7, 0.0, 0.0, off
2017-02-10 22:00:00, -1.7, 0.0, 0.0, off
2017-02-10 22:10:00, -1.7, 0.0, 0.0, off
2017-02-10 22:20:00, -2.1, 0.0, 0.0, off
2017-02-10 22:30:00, -2.2, 0.0, 0.0, off
2017-02-10 22:40:00, -2.5, 0.0, 0.0, off
2017-02-10 22:50:00, -2.7, 0.0, 0.0, off
2017-02-10 23:00:00, -2.8, 0.0, 0.0, off
2017-02-10 23:10:00, -2.7, 0.0, 0.0, off
2017-02-10 23:20:00, -2.8, 0.0, 0.0, off
2017-02-10 23:30:00, -2.8, 0.0, 0.0, off
2017-02-10 23:40:00, -2.8, 0.0, 0.0, off
2017-02-10 23:50:00, -2.7, 0.0, 0.0, off
2017-02-11 00:00:00, -2.7, 0.0, 0.0, off

----- day 13 -----
2017-02-11 00:10:00, -3.0, 0.0, 0.0, off
2017-02-11 00:20:00, -3.6, 0.0, 0.0, off
2017-02-11 00:30:00, -3.5, 0.0, 0.0, off
2017-02-11 00:40:00, -3.6, 0.0, 0.0, off
2017-02-11 00:50:00, -3.7, 0.0, 0.0, off
2017-02-11 01:00:00, -3.9, 0.0, 0.0, off
2017-02-11 01:10:00, -4.2, 0.0, 0.0, off
2017-02-11 01:20:00, -4.2, 0.0, 0.0, off
2017-02-11 01:30:00, -4.3, 0.0, 0.0, off
2017-02-11 01:40:00, -4.2, 0.0, 0.0, off
2017-02-11 01:50:00, -4.3, 0.0, 0.0, off
2017-02-11 02:00:00, -4.5, 0.0, 0.0, off
2017-02-11 02:10:00, -4.5, 0.0, 0.0, off
2017-02-11 02:20:00, -4.6, 0.0, 0.0, off
2017-02-11 02:30:00, -4.7, 0.0, 0.0, off
2017-02-11 02:40:00, -4.9, 0.0, 0.0, off
2017-02-11 02:50:00, -5.0, 0.0, 0.0, off
2017-02-11 03:00:00, -4.9, 0.0, 0.0, off
2017-02-11 03:10:00, -4.9, 0.0, 0.0, off
2017-02-11 03:20:00, -4.9, 0.0, 0.0, off
2017-02-11 03:30:00, -5.0, 0.0, 0.0, off
2017-02-11 03:40:00, -5.1, 0.0, 0.0, off
2017-02-11 03:50:00, -5.0, 0.0, 0.0, off
2017-02-11 04:00:00, -5.1, 0.0, 0.0, off
2017-02-11 04:10:00, -5.0, 0.0, 0.0, off
2017-02-11 04:20:00, -4.9, 0.0, 0.0, off
2017-02-11 04:30:00, -5.0, 0.0, 0.0, off
2017-02-11 04:40:00, -5.1, 0.0, 0.0, off
2017-02-11 04:50:00, -5.3, 0.0, 0.0, off
2017-02-11 05:00:00, -5.5, 0.0, 0.0, off
2017-02-11 05:10:00, -5.7, 0.0, 0.0, off
2017-02-11 05:20:00, -5.8, 0.0, 0.0, off
2017-02-11 05:30:00, -5.8, 0.0, 0.0, off
2017-02-11 05:40:00, -5.7, 0.0, 0.0, off
2017-02-11 05:50:00, -5.6, 0.0, 0.0, off
2017-02-11 06:00:00, -5.4, 0.0, 0.0, off
2017-02-11 06:10:00, -5.5, 0.0, 0.0, off
2017-02-11 06:20:00, -5.3, 0.0, 0.0, off
2017-02-11 06:30:00, -5.3, 0.0, 0.0, off
2017-02-11 06:40:00, -5.5, 0.0, 0.0, off
2017-02-11 06:50:00, -5.2, 0.0, 0.0, off
2017-02-11 07:00:00, -5.6, 0.0, 0.0, off
2017-02-11 07:10:00, -5.9, 0.0, 0.0, off
2017-02-11 07:20:00, -5.9, 0.0, 0.0, off
2017-02-11 07:30:00, -5.9, 0.0, 0.0, off
2017-02-11 07:40:00, -5.8, 0.0, 0.0, off
2017-02-11 07:50:00, -5.5, 0.0, 0.0, off
2017-02-11 08:00:00, -5.2, 0.0, 0.0, off
2017-02-11 08:10:00, -4.8, 0.0, 0.0, off
2017-02-11 08:20:00, -4.5, 0.0, 0.0, off
2017-02-11 08:30:00, -4.1, 0.0, 0.0, off
2017-02-11 08:40:00, -3.9, 0.0, 0.0, off
2017-02-11 08:50:00, -3.6, 0.0, 0.0, off
2017-02-11 09:00:00, -3.4, 0.0, 0.0, off
2017-02-11 09:10:00, -3.2, 0.0, 0.0, off
2017-02-11 09:20:00, -2.6, 0.0, 0.0, off
2017-02-11 09:30:00, -2.3, 0.0, 0.0, off
2017-02-11 09:40:00, -2.1, 0.0, 0.0, off
2017-02-11 09:50:00, -1.9, 0.0, 0.0, off
2017-02-11 10:00:00, -1.7, 0.0, 0.0, off
2017-02-11 10:10:00, -1.2, 0.0, 0.0, off
2017-02-11 10:20:00, -0.9, 0.0, 0.0, off
2017-02-11 10:30:00, -0.8, 0.0, 0.0, off
2017-02-11 10:40:00, -0.6, 0.0, 0.0, off
2017-02-11 10:50:00, -0.5, 0.0, 0.0, off
2017-02-11 11:00:00, -0.3, 0.0, 0.0, off
2017-02-11 11:10:00, 0.2, 0.0, 0.0, off
2017-02-11 11:20:00, 0.7, 0.0, 0.0, off
2017-02-11 11:30:00, 1.0, 0.0, 0.0, off
2017-02-11 11:40:00, 1.1, 0.0, 0.0, off
2017-02-11 11:50:00, 1.1, 0.0, 0.0, off
2017-02-11 12:00:00, 1.1, 0.0, 0.0, off
2017-02-11 12:10:00, 1.2, 0.0, 0.0, off
2017-02-11 12:20:00, 0.9, 0.0, 0.0, off
2017-02-11 12:30:00, 0.9, 0.0, 0.0, off
2017-02-11 12:40:00, 0.8, 0.0, 0.0, off
2017-02-11 12:50:00, 0.6, 0.0, 0.0, off
2017-02-11 13:00:00, 0.4, 0.0, 0.0, off
2017-02-11 13:10:00, 0.1, 0.0, 0.0, off
2017-02-11 13:20:00, 0.3, 0.0, 0.0, off
2017-02-11 13:30:00, 0.3, 0.0, 0.0, off
2017-02-11 13:40:00, 0.5, 0.0, 0.0, off
2017-02-11 13:50:00, 0.6, 0.0, 0.0, off
2017-02-11 14:00:00, 0.6, 0.0, 0.0, off
2017-02-11 14:10:00, 0.7, 0.0, 0.0, off
2017-02-11 14:20:00, 0.8, 0.0, 0.0, off
2017-02-11 14:30:00, 1.0, 0.0, 0.0, off
2017-02-11 14:40:00, 1.0, 0.0, 0.0, off
2017-02-11 14:50:00, 0.8, 0.0, 0.0, off
2017-02-11 15:00:00, 0.6, 0.0, 0.0, off
2017-02-11 15:10:00, 0.6, 0.0, 0.0, off
2017-02-11 15:20:00, 0.4, 0.0, 0.0, off
2017-02-11 15:30:00, 0.5, 0.0, 0.0, off
2017-02-11 15:40:00, 0.4, 0.0, 0.0, off
2017-02-11 15:50:00, 0.4, 0.0, 0.0, off
2017-02-11 16:00:00, 0.4, 0.0, 0.0, off
2017-02-11 16:10:00, 0.5, 0.0, 0.0, off
2017-02-11 16:20:00, 0.5, 0.0, 0.0, off
2017-02-11 16:30:00, 0.6, 0.0, 0.0, off
2017-02-11 16:40:00, 0.6, 0.0, 0.0, off
2017-02-11 16:50:00, 0.5, 0.0, 0.0, off
2017-02-11 17:00:00, 0.5, 0.0, 0.0, off
2017-02-11 17:10:00, 0.6, 0.0, 0.0, off
2017-02-11 17:20:00, 0.5, 0.0, 0.0, off
2017-02-11 17:30:00, 0.5, 0.0, 0.0, off
2017-02-11 17:40:00, 0.3, 0.0, 0.0, off
2017-02-11 17:50:00, 0.3, 0.0, 0.0, off
2017-02-11 18:00:00, 0.2, 0.0, 0.0, off
2017-02-11 18:10:00, 0.2, 0.0, 0.0, off
2017-02-11 18:20:00, 0.2, 0.0, 0.0, off
2017-02-11 18:30:00, 0.2, 0.0, 0.0, off
2017-02-11 18:40:00, 0.0, 0.0, 0.0, off
2017-02-11 18:50:00, 0.0, 0.0, 0.0, off
2017-02-11 19:00:00, -0.1, 0.0, 0.0, off
2017-02-11 19:10:00, -0.2, 0.0, 0.0, off
2017-02-11 19:20:00, -0.3, 0.0, 0.0, off
2017-02-11 19:30:00, -0.3, 0.0, 0.0, off
2017-02-11 19:40:00, -0.3, 0.0, 0.0, off
2017-02-11 19:50:00, -0.3, 0.0, 0.0, off
2017-02-11 20:00:00, -0.2, 0.0, 0.0, off
2017-02-11 20:10:00, -0.1, 0.0, 0.0, off
2017-02-11 20:20:00, -0.1, 0.0, 0.0, off
2017-02-11 20:30:00, -0.2, 0.0, 0.0, off
2017-02-11 20:40:00, -0.2, 0.0, 0.0, off
2017-02-11 20:50:00, -0.1, 0.0, 0.0, off
2017-02-11 21:00:00, -0.2, 0.0, 0.0, off
2017-02-11 21:10:00, -0.2, 0.0, 0.0, off
2017-02-11 21:20:00, -0.3, 0.0, 0.0, off
2017-02-11 21:30:00, -0.2, 0.0, 0.0, off
2017-02-11 21:40:00, -0.2, 0.0, 0.0, off
2017-02-11 21:50:00, -0.2, 0.0, 0.0, off
2017-02-11 22:00:00, -0.2, 0.0, 0.0, off
2017-02-11 22:10:00, -0.1, 0.0, 0.0, off
2017-02-11 22:20:00, -0.1, 0.0, 0.0, off
2017-02-11 22:30:00, -0.1, 0.0, 0.0, off
2017-02-11 22:40:00, 0.0, 0.0, 0.0, off
2017-02-11 22:50:00, 0.0, 0.0, 0.0, off
2017-02-11 23:00:00, 0.0, 0.0, 0.0, off
2017-02-11 23:10:00, 0.0, 0.0, 0.0, off
2017-02-11 23:20:00, -0.1, 0.0, 0.0, off
2017-02-11 23:30:00, 0.0, 0.0, 0.0, off
2017-02-11 23:40:00, -0.1, 0.0, 0.0, off
2017-02-11 23:50:00, -0.1, 0.0, 0.0, off
2017-02-12 00:00:00, -0.2, 0.0, 0.0, off

----- day 14 -----
2017-02-12 00:10:00, -0.1, 0.0, 0.0, off
2017-02-12 00:20:00, -0.1, 0.0, 0.0, off
2017-02-12 00:30:00, -0.1, 0.0, 0.0, off
2017-02-12 00:40:00, -0.1, 0.0, 0.0, off
2017-02-12 00:50:00, 0.0, 0.0, 0.0, off
2017-02-12 01:00:00, 0.0, 0.0, 0.0, off
2017-02-12 01:10:00, 0.0, 0.0, 0.0, off
2017-02-12 01:20:00, 0.0, 0.0, 0.0, off
2017-02-12 01:30:00, 0.2, 0.0, 0.0, off
2017-02-12 01:40:00, 0.1, 0.0, 0.0, off
2017-02-12 01:50:00, 0.3, 0.0, 0.0, off
2017-02-12 02:00:00, 0.3, 0.0, 0.0, off
2017-02-12 02:10:00, 0.3, 0.0, 0.0, off
2017-02-12 02:20:00, 0.4, 0.0, 0.0, off
2017-02-12 02:30:00, 0.4, 0.0, 0.0, off
2017-02-12 02:40:00, 0.3, 0.0, 0.0, off
2017-02-12 02:50:00, 0.3, 0.0, 0.0, off
2017-02-12 03:00:00, 0.3, 0.0, 0.0, off
2017-02-12 03:10:00, 0.4, 0.0, 0.0, off
2017-02-12 03:20:00, 0.4, 0.0, 0.0, off
2017-02-12 03:30:00, 0.5, 0.0, 0.0, off
2017-02-12 03:40:00, 0.6, 0.0, 0.0, off
2017-02-12 03:50:00, 0.6, 0.0, 0.0, off
2017-02-12 04:00:00, 0.5, 0.0, 0.0, off
2017-02-12 04:10:00, 0.6, 0.0, 0.0, off
2017-02-12 04:20:00, 0.5, 0.0, 0.0, off
2017-02-12 04:30:00, 0.5, 0.0, 0.0, off
2017-02-12 04:40:00, 0.5, 0.0, 0.0, off
2017-02-12 04:50:00, 0.5, 0.0, 0.0, off
2017-02-12 05:00:00, 0.6, 0.0, 0.0, off
2017-02-12 05:10:00, 0.6, 0.0, 0.0, off
2017-02-12 05:20:00, 0.6, 0.0, 0.0, off
2017-02-12 05:30:00, 0.6, 0.013, 0.091, off
2017-02-12 05:40:00, 0.5, 0.013, 0.1885, on
2017-02-12 05:50:00, 0.6, 0.013, 0.172653154846, on
2017-02-12 06:00:00, 0.6, 0.0, 0.02533733449, on
2017-02-12 06:10:00, 0.7, 0.0, 0.0, off
2017-02-12 06:20:00, 0.7, 0.0, 0.0, off
2017-02-12 06:30:00, 0.6, 0.0, 0.0, off
2017-02-12 06:40:00, 0.7, 0.0, 0.0, off
2017-02-12 06:50:00, 0.6, 0.013, 0.0523602622717, off
2017-02-12 07:00:00, 0.6, 0.013, 0.129004167023, on
2017-02-12 07:10:00, 0.6, 0.013, 0.107263661622, on
2017-02-12 07:20:00, 0.6, 0.0, 0.0, on
2017-02-12 07:30:00, 0.7, 0.0, 0.0, off
2017-02-12 07:40:00, 0.6, 0.0, 0.0, off
2017-02-12 07:50:00, 0.7, 0.0, 0.0, off
2017-02-12 08:00:00, 0.7, 0.0, 0.0, off
2017-02-12 08:10:00, 0.8, 0.0, 0.0, off
2017-02-12 08:20:00, 0.8, 0.0, 0.0, off
2017-02-12 08:30:00, 0.8, 0.0, 0.0, off
2017-02-12 08:40:00, 0.8, 0.0, 0.0, off
2017-02-12 08:50:00, 0.9, 0.0, 0.0, off
2017-02-12 09:00:00, 0.8, 0.0, 0.0, off
2017-02-12 09:10:00, 0.9, 0.0, 0.0, off
2017-02-12 09:20:00, 0.9, 0.0, 0.0, off
2017-02-12 09:30:00, 0.8, 0.0, 0.0, off
2017-02-12 09:40:00, 0.9, 0.0, 0.0, off
2017-02-12 09:50:00, 0.9, 0.0, 0.0, off
2017-02-12 10:00:00, 1.0, 0.0, 0.0, off
2017-02-12 10:10:00, 1.2, 0.0, 0.0, off
2017-02-12 10:20:00, 1.4, 0.0, 0.0, off
2017-02-12 10:30:00, 1.5, 0.0, 0.0, off
2017-02-12 10:40:00, 1.6, 0.0, 0.0, off
2017-02-12 10:50:00, 1.8, 0.0, 0.0, off
2017-02-12 11:00:00, 1.7, 0.0, 0.0, off
2017-02-12 11:10:00, 1.7, 0.0, 0.0, off
2017-02-12 11:20:00, 1.6, 0.0, 0.0, off
2017-02-12 11:30:00, 1.7, 0.0, 0.0, off
2017-02-12 11:40:00, 1.9, 0.0, 0.0, off
2017-02-12 11:50:00, 1.9, 0.0, 0.0, off
2017-02-12 12:00:00, 1.9, 0.0, 0.0, off
2017-02-12 12:10:00, 1.6, 0.0, 0.0, off
2017-02-12 12:20:00, 1.7, 0.0, 0.0, off
2017-02-12 12:30:00, 1.9, 0.0, 0.0, off
2017-02-12 12:40:00, 1.8, 0.0, 0.0, off
2017-02-12 12:50:00, 1.6, 0.0, 0.0, off
2017-02-12 13:00:00, 1.5, 0.0, 0.0, off
2017-02-12 13:10:00, 1.7, 0.0, 0.0, off
2017-02-12 13:20:00, 1.6, 0.0, 0.0, off
2017-02-12 13:30:00, 1.5, 0.0, 0.0, off
2017-02-12 13:40:00, 1.5, 0.0, 0.0, off
2017-02-12 13:50:00, 1.5, 0.0, 0.0, off
2017-02-12 14:00:00, 1.5, 0.0, 0.0, off
2017-02-12 14:10:00, 1.5, 0.0, 0.0, off
2017-02-12 14:20:00, 1.5, 0.0, 0.0, off
2017-02-12 14:30:00, 1.4, 0.0, 0.0, off
2017-02-12 14:40:00, 1.3, 0.0, 0.0, off
2017-02-12 14:50:00, 1.3, 0.0, 0.0, off
2017-02-12 15:00:00, 1.3, 0.0, 0.0, off
2017-02-12 15:10:00, 1.2, 0.0, 0.0, off
2017-02-12 15:20:00, 1.2, 0.0, 0.0, off
2017-02-12 15:30:00, 1.2, 0.0, 0.0, off
2017-02-12 15:40:00, 1.1, 0.0, 0.0, off
2017-02-12 15:50:00, 1.1, 0.0, 0.0, off
2017-02-12 16:00:00, 0.9, 0.0, 0.0, off
2017-02-12 16:10:00, 0.9, 0.0, 0.0, off
2017-02-12 16:20:00, 0.6, 0.0, 0.0, off
2017-02-12 16:30:00, 0.6, 0.0, 0.0, off
2017-02-12 16:40:00, 0.8, 0.0, 0.0, off
2017-02-12 16:50:00, 0.8, 0.0, 0.0, off
2017-02-12 17:00:00, 0.8, 0.0, 0.0, off
2017-02-12 17:10:00, 0.8, 0.013, 0.0701244336679, off
2017-02-12 17:20:00, 0.8, 0.013, 0.145226255484, on
2017-02-12 17:30:00, 0.7, 0.0, 0.0367285034117, on
2017-02-12 17:40:00, 0.7, 0.0, 0.0, off
2017-02-12 17:50:00, 0.6, 0.0, 0.0, off
2017-02-12 18:00:00, 0.4, 0.0, 0.0, off
2017-02-12 18:10:00, 0.5, 0.013, 0.0565332239675, off
2017-02-12 18:20:00, 0.6, 0.013, 0.132295165742, on
2017-02-12 18:30:00, 0.7, 0.013, 0.103705048761, on
2017-02-12 18:40:00, 0.8, 0.013, 0.0320200408116, on
2017-02-12 18:50:00, 0.9, 0.0, 0.0, off
2017-02-12 19:00:00, 1.0, 0.0, 0.0, off
2017-02-12 19:10:00, 1.1, 0.0, 0.0, off
2017-02-12 19:20:00, 1.1, 0.0, 0.0, off
2017-02-12 19:30:00, 1.1, 0.0, 0.0, off
2017-02-12 19:40:00, 1.1, 0.0, 0.0, off
2017-02-12 19:50:00, 1.1, 0.0, 0.0, off
2017-02-12 20:00:00, 1.1, 0.0, 0.0, off
2017-02-12 20:10:00, 1.1, 0.0, 0.0, off
2017-02-12 20:20:00, 1.2, 0.0, 0.0, off
2017-02-12 20:30:00, 1.2, 0.0, 0.0, off
2017-02-12 20:40:00, 1.2, 0.0, 0.0, off
2017-02-12 20:50:00, 1.1, 0.013, 0.0469991092485, off
2017-02-12 21:00:00, 1.1, 0.013, 0.10125043211, off
2017-02-12 21:10:00, 1.2, 0.013, 0.151722148914, on
2017-02-12 21:20:00, 1.2, 0.013, 0.0957425026279, on
2017-02-12 21:30:00, 1.2, 0.013, 0.0, on
2017-02-12 21:40:00, 1.1, 0.0, 0.0, off
2017-02-12 21:50:00, 1.1, 0.0, 0.0, off
2017-02-12 22:00:00, 1.0, 0.0, 0.0, off
2017-02-12 22:10:00, 1.1, 0.0, 0.0, off
2017-02-12 22:20:00, 1.1, 0.0, 0.0, off
2017-02-12 22:30:00, 1.1, 0.0, 0.0, off
2017-02-12 22:40:00, 1.0, 0.0, 0.0, off
2017-02-12 22:50:00, 1.0, 0.0, 0.0, off
2017-02-12 23:00:00, 1.1, 0.0, 0.0, off
2017-02-12 23:10:00, 1.2, 0.0, 0.0, off
2017-02-12 23:20:00, 1.2, 0.0, 0.0, off
2017-02-12 23:30:00, 1.3, 0.0, 0.0, off
2017-02-12 23:40:00, 1.2, 0.0, 0.0, off
2017-02-12 23:50:00, 1.2, 0.0, 0.0, off
2017-02-13 00:00:00, 1.2, 0.0, 0.0, off

----- day 15 -----
2017-02-13 00:10:00, 1.2, 0.0, 0.0, off
2017-02-13 00:20:00, 1.2, 0.0, 0.0, off
2017-02-13 00:30:00, 1.3, 0.0, 0.0, off
2017-02-13 00:40:00, 1.3, 0.0, 0.0, off
2017-02-13 00:50:00, 1.3, 0.0, 0.0, off
2017-02-13 01:00:00, 1.3, 0.0, 0.0, off
2017-02-13 01:10:00, 1.2, 0.0, 0.0, off
2017-02-13 01:20:00, 1.2, 0.0, 0.0, off
2017-02-13 01:30:00, 1.2, 0.0, 0.0, off
2017-02-13 01:40:00, 1.2, 0.0, 0.0, off
2017-02-13 01:50:00, 1.2, 0.0, 0.0, off
2017-02-13 02:00:00, 1.2, 0.0, 0.0, off
2017-02-13 02:10:00, 1.2, 0.0, 0.0, off
2017-02-13 02:20:00, 1.3, 0.0, 0.0, off
2017-02-13 02:30:00, 1.2, 0.0, 0.0, off
2017-02-13 02:40:00, 1.2, 0.0, 0.0, off
2017-02-13 02:50:00, 1.2, 0.0, 0.0, off
2017-02-13 03:00:00, 1.1, 0.0, 0.0, off
2017-02-13 03:10:00, 1.1, 0.0, 0.0, off
2017-02-13 03:20:00, 1.1, 0.0, 0.0, off
2017-02-13 03:30:00, 1.0, 0.0, 0.0, off
2017-02-13 03:40:00, 1.0, 0.0, 0.0, off
2017-02-13 03:50:00, 1.0, 0.0, 0.0, off
2017-02-13 04:00:00, 1.1, 0.0, 0.0, off
2017-02-13 04:10:00, 1.1, 0.0, 0.0, off
2017-02-13 04:20:00, 1.0, 0.0, 0.0, off
2017-02-13 04:30:00, 1.0, 0.0, 0.0, off
2017-02-13 04:40:00, 1.0, 0.0, 0.0, off
2017-02-13 04:50:00, 1.0, 0.0, 0.0, off
2017-02-13 05:00:00, 1.0, 0.0, 0.0, off
2017-02-13 05:10:00, 1.1, 0.0, 0.0, off
2017-02-13 05:20:00, 1.1, 0.0, 0.0, off
2017-02-13 05:30:00, 1.1, 0.0, 0.0, off
2017-02-13 05:40:00, 1.1, 0.0, 0.0, off
2017-02-13 05:50:00, 1.0, 0.0, 0.0, off
2017-02-13 06:00:00, 1.0, 0.0, 0.0, off
2017-02-13 06:10:00, 0.8, 0.0, 0.0, off
2017-02-13 06:20:00, 0.7, 0.0, 0.0, off
2017-02-13 06:30:00, 0.7, 0.0, 0.0, off
2017-02-13 06:40:00, 0.6, 0.0, 0.0, off
2017-02-13 06:50:00, 0.7, 0.0, 0.0, off
2017-02-13 07:00:00, 0.7, 0.0, 0.0, off
2017-02-13 07:10:00, 0.7, 0.0, 0.0, off
2017-02-13 07:20:00, 0.7, 0.0, 0.0, off
2017-02-13 07:30:00, 0.7, 0.0, 0.0, off
2017-02-13 07:40:00, 0.7, 0.0, 0.0, off
2017-02-13 07:50:00, 0.8, 0.0, 0.0, off
2017-02-13 08:00:00, 0.9, 0.0, 0.0, off
2017-02-13 08:10:00, 1.0, 0.0, 0.0, off
2017-02-13 08:20:00, 1.3, 0.0, 0.0, off
2017-02-13 08:30:00, 1.3, 0.0, 0.0, off
2017-02-13 08:40:00, 1.2, 0.0, 0.0, off
2017-02-13 08:50:00, 1.2, 0.0, 0.0, off
2017-02-13 09:00:00, 1.2, 0.0, 0.0, off
2017-02-13 09:10:00, 1.5, 0.0, 0.0, off
2017-02-13 09:20:00, 1.9, 0.0, 0.0, off
2017-02-13 09:30:00, 1.7, 0.0, 0.0, off
2017-02-13 09:40:00, 1.8, 0.0, 0.0, off
2017-02-13 09:50:00, 1.8, 0.0, 0.0, off
2017-02-13 10:00:00, 1.8, 0.0, 0.0, off
2017-02-13 10:10:00, 2.0, 0.0, 0.0, off
2017-02-13 10:20:00, 1.8, 0.0, 0.0, off
2017-02-13 10:30:00, 1.9, 0.0, 0.0, off
2017-02-13 10:40:00, 2.0, 0.0, 0.0, off
2017-02-13 10:50:00, 2.1, 0.0, 0.0, off
2017-02-13 11:00:00, 2.3, 0.0, 0.0, off
2017-02-13 11:10:00, 2.1, 0.0, 0.0, off
2017-02-13 11:20:00, 1.8, 0.0, 0.0, off
2017-02-13 11:30:00, 2.1, 0.0, 0.0, off
2017-02-13 11:40:00, 2.4, 0.0, 0.0, off
2017-02-13 11:50:00, 2.5, 0.0, 0.0, off
2017-02-13 12:00:00, 2.3, 0.0, 0.0, off
2017-02-13 12:10:00, 2.2, 0.0, 0.0, off
2017-02-13 12:20:00, 2.2, 0.0, 0.0, off
2017-02-13 12:30:00, 2.1, 0.0, 0.0, off
2017-02-13 12:40:00, 1.9, 0.0, 0.0, off
2017-02-13 12:50:00, 2.0, 0.0, 0.0, off
2017-02-13 13:00:00, 2.0, 0.0, 0.0, off
2017-02-13 13:10:00, 2.1, 0.0, 0.0, off
2017-02-13 13:20:00, 2.0, 0.0, 0.0, off
2017-02-13 13:30:00, 1.9, 0.0, 0.0, off
2017-02-13 13:40:00, 1.5, 0.0, 0.0, off
2017-02-13 13:50:00, 1.4, 0.0, 0.0, off
2017-02-13 14:00:00, 1.2, 0.005, 0.0, off
2017-02-13 14:10:00, 1.2, 0.0, 0.0, off
2017-02-13 14:20:00, 1.3, 0.0, 0.0, off
2017-02-13 14:30:00, 1.3, 0.0, 0.0, off
2017-02-13 14:40:00, 1.2, 0.0, 0.0, off
2017-02-13 14:50:00, 1.3, 0.005, 0.0, off
2017-02-13 15:00:00, 1.3, 0.005, 0.00983692929378, off
2017-02-13 15:10:00, 1.3, 0.005, 0.0238956559911, off
2017-02-13 15:20:00, 1.3, 0.005, 0.0393385792416, off
2017-02-13 15:30:00, 1.5, 0.005, 0.0502651675052, off
2017-02-13 15:40:00, 1.4, 0.005, 0.063907409785, on
2017-02-13 15:50:00, 1.0, 0.005, 6.93889390391e-18, on
2017-02-13 16:00:00, 1.1, 0.0, 0.0, off
2017-02-13 16:10:00, 1.2, 0.0, 0.0, off
2017-02-13 16:20:00, 1.1, 0.0, 0.0, off
2017-02-13 16:30:00, 1.1, 0.005, 0.0, off
2017-02-13 16:40:00, 0.8, 0.005, 0.0133242884523, off
2017-02-13 16:50:00, 0.7, 0.005, 0.03941758177, off
2017-02-13 17:00:00, 0.6, 0.005, 0.071870158698, off
2017-02-13 17:10:00, 0.6, 0.005, 0.106060004627, on
2017-02-13 17:20:00, 0.5, 0.005, 0.0358208584908, on
2017-02-13 17:30:00, 0.6, 0.005, 0.0, off
2017-02-13 17:40:00, 0.4, 0.005, 0.0, off
2017-02-13 17:50:00, 0.4, 0.0, 0.0, off
2017-02-13 18:00:00, 0.6, 0.0, 0.0, off
2017-02-13 18:10:00, 0.4, 0.0, 0.0, off
2017-02-13 18:20:00, 0.3, 0.005, 0.0306578828827, off
2017-02-13 18:30:00, 0.3, 0.005, 0.06882544029, off
2017-02-13 18:40:00, 0.3, 0.005, 0.109882754418, on
2017-02-13 18:50:00, 0.4, 0.005, 0.042011968813, on
2017-02-13 19:00:00, 0.6, 0.0, 0.0, off
2017-02-13 19:10:00, 0.7, 0.0, 0.0, off
2017-02-13 19:20:00, 0.8, 0.0, 0.0, off
2017-02-13 19:30:00, 0.8, 0.0, 0.0, off
2017-02-13 19:40:00, 0.6, 0.0, 0.0, off
2017-02-13 19:50:00, 0.3, 0.0, 0.0, off
2017-02-13 20:00:00, 0.3, 0.0, 0.0, off
2017-02-13 20:10:00, 0.3, 0.0, 0.0, off
2017-02-13 20:20:00, 0.5, 0.0, 0.0, off
2017-02-13 20:30:00, 0.5, 0.0, 0.0, off
2017-02-13 20:40:00, 0.5, 0.0, 0.0, off
2017-02-13 20:50:00, 0.4, 0.0, 0.0, off
2017-02-13 21:00:00, 0.3, 0.0, 0.0, off
2017-02-13 21:10:00, 0.3, 0.0, 0.0, off
2017-02-13 21:20:00, 0.3, 0.0, 0.0, off
2017-02-13 21:30:00, 0.2, 0.0, 0.0, off
2017-02-13 21:40:00, 0.2, 0.0, 0.0, off
2017-02-13 21:50:00, 0.2, 0.0, 0.0, off
2017-02-13 22:00:00, 0.3, 0.0, 0.0, off
2017-02-13 22:10:00, 0.3, 0.0, 0.0, off
2017-02-13 22:20:00, 0.3, 0.0, 0.0, off
2017-02-13 22:30:00, 0.2, 0.0, 0.0, off
2017-02-13 22:40:00, 0.2, 0.0, 0.0, off
2017-02-13 22:50:00, 0.3, 0.0, 0.0, off
2017-02-13 23:00:00, 0.3, 0.0, 0.0, off
2017-02-13 23:10:00, 0.3, 0.0, 0.0, off
2017-02-13 23:20:00, 0.4, 0.0, 0.0, off
2017-02-13 23:30:00, 0.3, 0.0, 0.0, off
2017-02-13 23:40:00, 0.4, 0.0, 0.0, off
2017-02-13 23:50:00, 0.4, 0.0, 0.0, off
2017-02-14 00:00:00, 0.3, 0.0, 0.0, off

----- day 16 -----
2017-02-14 00:10:00, 0.1, 0.0, 0.0, off
2017-02-14 00:20:00, 0.0, 0.0, 0.0, off
2017-02-14 00:30:00, -0.1, 0.0, 0.0, off
2017-02-14 00:40:00, -0.2, 0.0, 0.0, off
2017-02-14 00:50:00, -0.4, 0.0, 0.0, off
2017-02-14 01:00:00, -0.6, 0.0, 0.0, off
2017-02-14 01:10:00, -0.6, 0.0, 0.0, off
2017-02-14 01:20:00, -0.7, 0.0, 0.0, off
2017-02-14 01:30:00, -0.7, 0.021, 0.21, off
2017-02-14 01:40:00, -0.6, 0.021, 0.42, on
2017-02-14 01:50:00, -0.6, 0.021, 0.46821806844, on
2017-02-14 02:00:00, -0.6, 0.021, 0.516390916973, on
2017-02-14 02:10:00, -0.7, 0.021, 0.564535731377, on
2017-02-14 02:20:00, -0.6, 0.021, 0.61265651974, on
2017-02-14 02:30:00, -0.6, 0.021, 0.660768533091, on
2017-02-14 02:40:00, -0.5, 0.0, 0.498856023673, on
2017-02-14 02:50:00, -0.4, 0.0, 0.336933141937, on
2017-02-14 03:00:00, -0.3, 0.0, 0.175014535529, on
2017-02-14 03:10:00, -0.4, 0.0, 0.0131020552062, on
2017-02-14 03:20:00, -0.4, 0.0, 0.0, off
2017-02-14 03:30:00, -0.4, 0.0, 0.0, off
2017-02-14 03:40:00, -0.3, 0.0, 0.0, off
2017-02-14 03:50:00, -0.3, 0.0, 0.0, off
2017-02-14 04:00:00, -0.3, 0.0, 0.0, off
2017-02-14 04:10:00, -0.1, 0.0, 0.0, off
2017-02-14 04:20:00, -0.2, 0.0, 0.0, off
2017-02-14 04:30:00, 0.2, 0.0, 0.0, off
2017-02-14 04:40:00, 0.1, 0.0, 0.0, off
2017-02-14 04:50:00, -0.2, 0.0, 0.0, off
2017-02-14 05:00:00, -0.5, 0.0, 0.0, off
2017-02-14 05:10:00, -0.6, 0.0, 0.0, off
2017-02-14 05:20:00, -0.8, 0.0, 0.0, off
2017-02-14 05:30:00, -0.8, 0.0, 0.0, off
2017-02-14 05:40:00, -0.8, 0.0, 0.0, off
2017-02-14 05:50:00, -0.6, 0.0, 0.0, off
2017-02-14 06:00:00, -0.5, 0.0, 0.0, off
2017-02-14 06:10:00, -0.6, 0.0, 0.0, off
2017-02-14 06:20:00, -0.7, 0.0, 0.0, off
2017-02-14 06:30:00, -0.6, 0.0, 0.0, off
2017-02-14 06:40:00, -0.7, 0.0, 0.0, off
2017-02-14 06:50:00, -0.7, 0.0, 0.0, off
2017-02-14 07:00:00, -0.4, 0.0, 0.0, off
2017-02-14 07:10:00, -0.5, 0.0, 0.0, off
2017-02-14 07:20:00, -0.5, 0.0, 0.0, off
2017-02-14 07:30:00, -0.5, 0.0, 0.0, off
2017-02-14 07:40:00, -0.3, 0.0, 0.0, off
2017-02-14 07:50:00, -0.1, 0.0, 0.0, off
2017-02-14 08:00:00, 0.1, 0.0, 0.0, off
2017-02-14 08:10:00, 0.3, 0.0, 0.0, off
2017-02-14 08:20:00, 0.3, 0.0, 0.0, off
2017-02-14 08:30:00, 0.4, 0.0, 0.0, off
2017-02-14 08:40:00, 0.5, 0.0, 0.0, off
2017-02-14 08:50:00, 0.5, 0.0, 0.0, off
2017-02-14 09:00:00, 0.4, 0.0, 0.0, off
2017-02-14 09:10:00, 0.4, 0.0, 0.0, off
2017-02-14 09:20:00, 0.2, 0.0, 0.0, off
2017-02-14 09:30:00, 0.3, 0.0, 0.0, off
2017-02-14 09:40:00, 0.3, 0.0, 0.0, off
2017-02-14 09:50:00, 0.1, 0.0, 0.0, off
2017-02-14 10:00:00, 0.1, 0.0, 0.0, off
2017-02-14 10:10:00, 0.1, 0.0, 0.0, off
2017-02-14 10:20:00, 0.2, 0.0, 0.0, off
2017-02-14 10:30:00, 0.3, 0.0, 0.0, off
2017-02-14 10:40:00, 0.3, 0.0, 0.0, off
2017-02-14 10:50:00, 0.2, 0.0, 0.0, off
2017-02-14 11:00:00, 0.4, 0.0, 0.0, off
2017-02-14 11:10:00, 0.5, 0.0, 0.0, off
2017-02-14 11:20:00, 0.4, 0.0, 0.0, off
2017-02-14 11:30:00, 0.6, 0.0, 0.0, off
2017-02-14 11:40:00, 0.6, 0.0, 0.0, off
2017-02-14 11:50:00, 0.8, 0.0, 0.0, off
2017-02-14 12:00:00, 1.1, 0.0, 0.0, off
2017-02-14 12:10:00, 0.9, 0.0, 0.0, off
2017-02-14 12:20:00, 0.9, 0.0, 0.0, off
2017-02-14 12:30:00, 0.7, 0.0, 0.0, off
2017-02-14 12:40:00, 0.6, 0.0, 0.0, off
2017-02-14 12:50:00, 0.4, 0.0, 0.0, off
2017-02-14 13:00:00, 0.5, 0.0, 0.0, off
2017-02-14 13:10:00, 0.4, 0.0, 0.0, off
2017-02-14 13:20:00, 0.3, 0.0, 0.0, off
2017-02-14 13:30:00, 0.3, 0.0, 0.0, off
2017-02-14 13:40:00, 0.3, 0.0, 0.0, off
2017-02-14 13:50:00, 0.4, 0.0, 0.0, off
2017-02-14 14:00:00, 0.3, 0.0, 0.0, off
2017-02-14 14:10:00, 0.1, 0.0, 0.0, off
2017-02-14 14:20:00, 0.1, 0.0, 0.0, off
2017-02-14 14:30:00, 0.1, 0.0, 0.0, off
2017-02-14 14:40:00, 0.1, 0.0, 0.0, off
2017-02-14 14:50:00, 0.2, 0.0, 0.0, off
2017-02-14 15:00:00, 0.2, 0.0, 0.0, off
2017-02-14 15:10:00, 0.2, 0.0, 0.0, off
2017-02-14 15:20:00, 0.3, 0.0, 0.0, off
2017-02-14 15:30:00, 0.2, 0.021, 0.170101556134, off
2017-02-14 15:40:00, 0.0, 0.021, 0.372516477105, on
2017-02-14 15:50:00, 0.0, 0.0, 0.261681082824, on
2017-02-14 16:00:00, -0.1, 0.0, 0.112212187743, on
2017-02-14 16:10:00, 0.0, 0.0, 0.0, on
2017-02-14 16:20:00, -0.4, 0.021, 0.0478833794444, off
2017-02-14 16:30:00, -0.2, 0.021, 0.197446027596, off
2017-02-14 16:40:00, -0.2, 0.021, 0.384971202636, on
2017-02-14 16:50:00, -0.1, 0.0, 0.269211460452, on
2017-02-14 17:00:00, -0.3, 0.0, 0.118386800059, on
2017-02-14 17:10:00, -0.5, 0.0, 0.0, on
2017-02-14 17:20:00, -0.3, 0.021, 0.0482249553425, off
2017-02-14 17:30:00, -0.3, 0.021, 0.197853264059, off
2017-02-14 17:40:00, -0.4, 0.021, 0.385381145162, on
2017-02-14 17:50:00, -0.4, 0.021, 0.479577359588, on
2017-02-14 18:00:00, -0.4, 0.021, 0.53887657399, on
2017-02-14 18:10:00, -0.5, 0.021, 0.586996285515, on
2017-02-14 18:20:00, -0.5, 0.0, 0.425097687756, on
2017-02-14 18:30:00, -0.3, 0.0, 0.263203597479, on
2017-02-14 18:40:00, -0.2, 0.0, 0.101315470377, on
2017-02-14 18:50:00, 0.0, 0.0, 0.0, on
2017-02-14 19:00:00, -0.1, 0.0, 0.0, off
2017-02-14 19:10:00, -0.2, 0.021, 0.0656739936133, off
2017-02-14 19:20:00, -0.2, 0.021, 0.22187601023, on
2017-02-14 19:30:00, -0.4, 0.021, 0.304428581847, on
2017-02-14 19:40:00, -0.5, 0.021, 0.359425221836, on
2017-02-14 19:50:00, -0.6, 0.021, 0.407586635497, on
2017-02-14 20:00:00, -0.6, 0.021, 0.455724751609, on
2017-02-14 20:10:00, -0.6, 0.021, 0.503842385512, on
2017-02-14 20:20:00, -0.5, 0.021, 0.551941510095, on
2017-02-14 20:30:00, -0.4, 0.021, 0.600026021443, on
2017-02-14 20:40:00, -0.3, 0.021, 0.648097855723, on
2017-02-14 20:50:00, -0.5, 0.021, 0.696166035351, on
2017-02-14 21:00:00, -0.5, 0.021, 0.744233051612, on
2017-02-14 21:10:00, -0.5, 0.0, 0.58229676908, on
2017-02-14 21:20:00, -0.6, 0.0, 0.420368441133, on
2017-02-14 21:30:00, -0.6, 0.0, 0.258445420995, on
2017-02-14 21:40:00, -0.5, 0.0, 0.0965164805707, on
2017-02-14 21:50:00, -0.4, 0.0, 0.0, on
2017-02-14 22:00:00, -0.4, 0.0, 0.0, off
2017-02-14 22:10:00, -0.4, 0.0, 0.0, off
2017-02-14 22:20:00, -0.4, 0.0, 0.0, off
2017-02-14 22:30:00, -0.4, 0.0, 0.0, off
2017-02-14 22:40:00, -0.5, 0.0, 0.0, off
2017-02-14 22:50:00, -0.4, 0.0, 0.0, off
2017-02-14 23:00:00, -0.5, 0.0, 0.0, off
2017-02-14 23:10:00, -0.3, 0.0, 0.0, off
2017-02-14 23:20:00, -0.4, 0.0, 0.0, off
2017-02-14 23:30:00, -0.2, 0.0, 0.0, off
2017-02-14 23:40:00, -0.2, 0.0, 0.0, off
2017-02-14 23:50:00, -0.1, 0.0, 0.0, off
2017-02-15 00:00:00, 0.0, 0.0, 0.0, off

----- day 17 -----
2017-02-15 00:10:00, -0.3, 0.0, 0.0, off
